id,name,email,password,department,phone
1,Neill Kimmerling,nkimmerling0@myspace.com,abMTJcUkwz6I,Engineering,907-722-5285
2,Sergent Holdron,sholdron1@drupal.org,QsHYbAI8njb,Accounting,130-943-7196
3,Raynor Kellitt,rkellitt2@marketwatch.com,HblUPzvJGM7C,Research and Development,131-202-7177
4,Tim Andrieu,tandrieu3@paypal.com,mUsukb,Support,670-598-7869
5,Hallsy Morena,hmorena4@alexa.com,ZpvHw4ItTrGn,Marketing,412-176-5148
6,Car Abeles,cabeles5@nydailynews.com,tSWoMR,Accounting,676-246-5933
7,Cesare Grigolashvill,cgrigolashvill6@google.de,tUOa0xwsQP,Support,391-450-5574
8,Gardner Van der Brugge,gvan7@ameblo.jp,Djy31G,Product Management,296-120-4643
9,Gay Cronk,gcronk8@wunderground.com,DR6zUuKKZE,Human Resources,633-933-8090
10,Lynda Braim,lbraim9@answers.com,a4ygmtWhQP,Legal,482-775-5913
11,Genovera Dows,gdowsa@sciencedaily.com,gJOL2pNTU,Legal,617-197-2717
12,Ronny Brady,rbradyb@tripadvisor.com,4wQuRy,Training,213-813-8906
13,Alano Velareal,avelarealc@elegantthemes.com,iRHEFdMx5Ic,Accounting,770-186-8995
14,Janina Chape,jchaped@bloglovin.com,meAcRb0Ox,Business Development,253-844-7783
15,Meggi Crannell,mcrannelle@techcrunch.com,fZvEPcEazDKF,Engineering,415-323-9689
16,Carmel Gallymore,cgallymoref@networkadvertising.org,ShuvirQLktVQ,Training,343-107-8439
17,Ibbie Forshaw,iforshawg@nytimes.com,dMiigazLXc,Engineering,223-673-6013
18,Junia Garbutt,jgarbutth@bbc.co.uk,DMgE0N,Product Management,217-944-8951
19,Cleveland Eadmeads,ceadmeadsi@cam.ac.uk,QXwTkHzB,Services,419-530-0180
20,Annalise Scarsbrick,ascarsbrickj@cnn.com,cG3bCP,Business Development,485-688-5169
21,Marcelia Paquet,mpaquetk@ted.com,BIcmbw,Services,233-204-0385
22,Dennie Di Nisco,ddil@patch.com,tdsPPb5kE,Accounting,327-769-2297
23,Reamonn Hankins,rhankinsm@xinhuanet.com,AmGU9Nd,Business Development,795-674-4350
24,Jacquenette Ellwell,jellwelln@msn.com,R0H0Jq,Legal,938-196-7610
25,Abra Needs,aneedso@ucsd.edu,Khp1rE6zYWA,Marketing,787-540-0822
26,Noel Karus,nkarusp@archive.org,9yk4DMwb,Human Resources,623-225-2017
27,Cosette Wort,cwortq@godaddy.com,Brj27pJuDRu,Support,371-926-0777
28,Farris Danihelka,fdanihelkar@jimdo.com,iImFIRhQ,Legal,636-532-3476
29,Gerianna Buchanan,gbuchanans@yale.edu,EMcjasn9,Product Management,348-413-1787
30,Adrian Liff,alifft@goo.gl,ubPtEiE1xOtg,Accounting,467-391-4919
31,Joane Wilson,jwilsonu@hud.gov,c05LGf,Business Development,482-221-9346
32,Vannie O'Carrol,vocarrolv@house.gov,np6rbwiues2n,Sales,129-673-6797
33,Mohandas Fisbey,mfisbeyw@noaa.gov,nNcrDikR,Human Resources,698-557-7768
34,Farrel Balleine,fballeinex@chicagotribune.com,Afg9w7Tjq55N,Engineering,231-765-0227
35,Wright Claybourne,wclaybourney@npr.org,LTMn6C,Engineering,356-155-6579
36,Kenyon Woolmer,kwoolmerz@yelp.com,lLvh4xbT,Human Resources,519-493-4474
37,Krispin Ickowics,kickowics10@cyberchimps.com,JLVvW8,Product Management,357-753-4452
38,Eddy Creamer,ecreamer11@simplemachines.org,pwOLTQwp7TGt,Product Management,584-252-4148
39,Fanya Capelen,fcapelen12@blogtalkradio.com,XSO8HkCbq,Marketing,222-708-5623
40,Casper Butterfield,cbutterfield13@usatoday.com,USbDXy,Human Resources,796-792-7943
41,Corinna Tonks,ctonks14@eventbrite.com,lDB89z,Legal,107-278-5228
42,Arleen Gallear,agallear15@cnn.com,vmWOktVVT,Research and Development,840-751-0752
43,Hartwell Fermor,hfermor16@phoca.cz,GesB7k9C,Engineering,162-275-1993
44,Cloris Fidell,cfidell17@edublogs.org,QkQe3go3TY5,Human Resources,621-213-3712
45,Adorne Segrave,asegrave18@delicious.com,Y9IyP5lT,Sales,193-641-9437
46,Basil Wilshin,bwilshin19@godaddy.com,t2U4yQ0SG,Support,344-429-0361
47,Earvin Southers,esouthers1a@ocn.ne.jp,HvQr7V5v,Research and Development,560-485-2883
48,Shelby Mazzey,smazzey1b@hibu.com,YoICAtk,Services,177-429-0540
49,Krissy McCowen,kmccowen1c@unblog.fr,0YDbbGwlwHvA,Engineering,271-800-2299
50,Belvia MacDiarmid,bmacdiarmid1d@indiatimes.com,wtHZJz5k,Engineering,699-818-1485
51,Willdon Stoppe,wstoppe1e@imageshack.us,cUqNAEy,Marketing,144-915-2280
52,Roxy Bielefeld,rbielefeld1f@kickstarter.com,6fIGwEkrn6,Marketing,141-492-8865
53,Tedmund Brimmell,tbrimmell1g@shinystat.com,5EQ47Vc0fg,Training,215-184-0076
54,Courtney Winstanley,cwinstanley1h@deviantart.com,P99ZGRrionjm,Support,145-813-6141
55,Gretta Ollin,gollin1i@bluehost.com,tUAb5KY5HH,Support,960-130-8267
56,Theobald Grassett,tgrassett1j@wix.com,7BXwfe3Uax,Research and Development,924-380-0463
57,Steffie Beamand,sbeamand1k@soundcloud.com,jFRufjPGUHd,Research and Development,142-145-1140
58,Maribelle Barrat,mbarrat1l@digg.com,f9zdzKt,Training,914-827-6202
59,Seumas Capel,scapel1m@pen.io,wNz2jt5GeKc,Business Development,342-161-8894
60,Brigitte Leadbeatter,bleadbeatter1n@independent.co.uk,uF218A,Engineering,330-386-4810
61,Micky Cavilla,mcavilla1o@pinterest.com,smL2QGdx0J6y,Training,564-970-9300
62,Mari Leonardi,mleonardi1p@rakuten.co.jp,rM6qVDPK,Services,854-851-5410
63,Gertrudis Sanchez,gsanchez1q@xing.com,0fHmB2dyl,Services,753-461-3170
64,Beaufort Corneck,bcorneck1r@rakuten.co.jp,zncFmJC,Product Management,289-698-2367
65,Anett Doldon,adoldon1s@de.vu,BmylZ1q,Services,101-211-0456
66,Chad Littlejohn,clittlejohn1t@bbb.org,WwU84L1,Business Development,515-835-5882
67,Almeda Bowser,abowser1u@alibaba.com,H6Crha,Legal,633-248-3246
68,Billi McGuiness,bmcguiness1v@shareasale.com,UVzid9ai,Legal,810-223-5359
69,Irwin Hawksley,ihawksley1w@nps.gov,raYpwpo6,Training,384-929-1054
70,Aube Hyndley,ahyndley1x@theglobeandmail.com,pD3YqtqlJ0,Human Resources,781-420-4620
71,Saraann Stothard,sstothard1y@canalblog.com,wc5kVo4,Sales,465-890-5554
72,Cecilla Rolfo,crolfo1z@pcworld.com,dHxvCpiOZ,Support,350-312-8848
73,Edna Rawkesby,erawkesby20@trellian.com,0coJOyKv44e,Services,703-959-5010
74,Edd Eckley,eeckley21@bloomberg.com,OuSQrUWikGB,Engineering,567-594-5334
75,Nan Gosling,ngosling22@issuu.com,w6OYuMTgd,Business Development,168-274-9707
76,Vanya Gellately,vgellately23@lulu.com,ko19ag9Sp,Marketing,941-908-7108
77,Orel McCallam,omccallam24@amazon.co.jp,pFZe8J,Sales,680-316-0766
78,Trudie Martynov,tmartynov25@a8.net,VlUN3Xk,Engineering,742-285-1469
79,Ferdinande Robarts,frobarts26@flavors.me,tNVzmAJPQBw,Accounting,661-336-2961
80,Anthe Oade,aoade27@examiner.com,10Rhw7z,Product Management,128-928-4938
81,Sileas Synan,ssynan28@blogger.com,XLbk9Znl,Human Resources,191-410-2414
82,Giraud Desaur,gdesaur29@tuttocitta.it,EZDOa8Nh,Support,708-799-0797
83,Krystalle Allgood,kallgood2a@nydailynews.com,KCHvSX,Engineering,357-255-9702
84,Jasen Colthurst,jcolthurst2b@ihg.com,SUEuPhMYrh8H,Product Management,777-923-1611
85,Temp Arzu,tarzu2c@twitpic.com,XI87js5ZzBj7,Accounting,908-103-4506
86,Chauncey Carff,ccarff2d@hexun.com,lvK8yj2jUx,Engineering,651-924-6808
87,Red Pelos,rpelos2e@usda.gov,iw62ionIgyy,Sales,503-238-2540
88,Logan Kall,lkall2f@tmall.com,ttNmKJ,Legal,248-987-5828
89,Phyllida Kops,pkops2g@netlog.com,0Te1t2,Engineering,633-548-6091
90,Allyson Greatreax,agreatreax2h@miibeian.gov.cn,DnZ3jbAlKE1,Services,712-784-2584
91,Claudelle Siegertsz,csiegertsz2i@nytimes.com,g1PlxlW6TA,Services,683-722-8183
92,Davida Doyland,ddoyland2j@blogspot.com,a7ZBQNYq,Human Resources,126-249-2256
93,Riannon Rouse,rrouse2k@gov.uk,bF8qUbTt,Sales,756-261-3958
94,Andee Roelofs,aroelofs2l@salon.com,P9hTblFH,Business Development,302-792-8104
95,Obediah Weldrick,oweldrick2m@nymag.com,D57MTNri,Product Management,426-793-8741
96,Karlee Lecordier,klecordier2n@last.fm,P9Mhyvj,Engineering,843-340-2827
97,Melvin Seckom,mseckom2o@google.co.uk,fU4tj4xkYA,Services,841-218-1433
98,Ilyse Goodram,igoodram2p@odnoklassniki.ru,0KVf2Jz3Z,Product Management,546-885-6719
99,Burlie Linfitt,blinfitt2q@trellian.com,uMOthPE64lo,Accounting,640-826-7429
100,Roselia Siward,rsiward2r@surveymonkey.com,neDJkRFF,Sales,311-823-7889
101,Debbie Muschette,dmuschette2s@facebook.com,dKUinMlF,Research and Development,543-663-1357
102,Gretchen Cardis,gcardis2t@mayoclinic.com,YJUcKkaj,Accounting,223-513-3629
103,Kirstyn Marks,kmarks2u@un.org,Mw1Lca37mWw,Services,792-638-3197
104,Gaelan Gouda,ggouda2v@ucoz.com,qbhnNW,Training,330-228-9232
105,Cassi Broadberry,cbroadberry2w@constantcontact.com,S5DgnOh,Services,273-957-3518
106,Uri Garrish,ugarrish2x@scientificamerican.com,el93NO,Marketing,917-298-1323
107,Zandra Brimmell,zbrimmell2y@purevolume.com,Q4n27apU,Human Resources,155-215-7346
108,Tynan Greeson,tgreeson2z@ovh.net,iTFEStytS,Services,486-888-5308
109,Ives Blaney,iblaney30@icq.com,ojx1BdhvI,Business Development,583-810-8210
110,Wilbert Guitte,wguitte31@cocolog-nifty.com,k7vFBn,Human Resources,838-630-0550
111,Gert Ioannidis,gioannidis32@oracle.com,UUjtDyyXECZN,Marketing,874-587-1283
112,Abbot Gadson,agadson33@auda.org.au,mNrPAkeaBR3D,Training,163-689-5347
113,Glenda Barhims,gbarhims34@digg.com,eZLK2kcBK,Legal,677-491-3012
114,Darline Shakespeare,dshakespeare35@usda.gov,feudO46,Product Management,771-125-1636
115,Bennie Brennans,bbrennans36@japanpost.jp,lKikqSQuVxp4,Engineering,789-984-9315
116,Gena Lamond,glamond37@geocities.com,nHnhNb41Z,Accounting,490-519-5155
117,Wells Leedes,wleedes38@360.cn,bOqdyA,Engineering,985-538-5705
118,Zebulen Burn,zburn39@unesco.org,51ggAT7i,Business Development,284-659-8901
119,Arvie Hainning,ahainning3a@xing.com,himT9r,Research and Development,104-915-6349
120,Saxe Tunmore,stunmore3b@admin.ch,ampCeEZOlY,Marketing,203-886-5274
121,Werner Le Blanc,wle3c@elegantthemes.com,IsRLN6iS5OTh,Business Development,606-990-3037
122,Sindee Coit,scoit3d@yahoo.co.jp,wXl6u7qGFx,Services,395-520-4584
123,Free Ahmad,fahmad3e@japanpost.jp,HzvlETeG0w,Engineering,412-912-7981
124,Brina Whinray,bwhinray3f@nba.com,ZRhp0M2,Training,514-978-2926
125,Olga Carmo,ocarmo3g@linkedin.com,jiK3oQrjES,Legal,316-131-3783
126,Gayel O'Driscoll,godriscoll3h@bluehost.com,Kre9Ci0Ida,Engineering,515-191-7531
127,Camey Giacoppo,cgiacoppo3i@youku.com,Ynfe9CKW,Research and Development,599-535-6365
128,Welsh Walcar,wwalcar3j@webnode.com,s1DJm40,Accounting,683-644-9764
129,Rozanne Hawksby,rhawksby3k@cisco.com,0LMvMbeHjP,Marketing,588-451-4463
130,Dani Jedrys,djedrys3l@cpanel.net,qKBJh5XpH8IV,Product Management,212-236-1000
131,Tedda Worsall,tworsall3m@shop-pro.jp,mJKjnN,Accounting,766-195-7288
132,Dana Grabeham,dgrabeham3n@google.nl,biqajv,Research and Development,451-984-0063
133,Zacharia Atyeo,zatyeo3o@com.com,btw894acyGW,Marketing,433-966-6800
134,Sabra Smillie,ssmillie3p@utexas.edu,oicUaL,Research and Development,410-695-2032
135,Lidia Beneze,lbeneze3q@disqus.com,xsuIHfJ8E,Accounting,845-347-0738
136,Roger Macauley,rmacauley3r@nymag.com,IwSFsVT2z,Product Management,575-800-8797
137,Rodd Schreiner,rschreiner3s@dailymail.co.uk,4FoyF09Ae,Services,450-269-7806
138,Galven Crux,gcrux3t@meetup.com,UrfBjN,Sales,298-516-7928
139,Elana Goslin,egoslin3u@shinystat.com,zFzVdG,Services,312-904-9722
140,Glori Sweetlove,gsweetlove3v@sina.com.cn,sOWp30FxLt,Training,322-900-1152
141,Jenna Grimolbie,jgrimolbie3w@blog.com,lCfvDQ,Business Development,202-932-2760
142,Maggi Marcham,mmarcham3x@icq.com,fYaTRwT0,Accounting,496-868-6258
143,Tammy Meaker,tmeaker3y@ezinearticles.com,Up9em4e,Legal,111-697-4383
144,Rosemarie Swatton,rswatton3z@nature.com,drzxkyguOqfZ,Engineering,253-314-8859
145,Gilbertine Padefield,gpadefield40@cdbaby.com,THnIEtnPCPmp,Training,342-376-3597
146,Giustina Yallowley,gyallowley41@wufoo.com,JjXTdgihNwzJ,Human Resources,172-250-1809
147,Paddy Donat,pdonat42@mail.ru,CYex6DrC,Sales,942-931-9879
148,Shaw Mattam,smattam43@un.org,ZSzs6eaxO,Product Management,747-959-2833
149,Massimiliano Ottley,mottley44@telegraph.co.uk,k5CVLL1w,Research and Development,426-107-7438
150,Keslie Wintersgill,kwintersgill45@vkontakte.ru,xCd7gt,Marketing,859-964-2530
151,Sutherland Gebbe,sgebbe46@vk.com,n8hgYSonx,Human Resources,126-764-7712
152,Constantine Kleen,ckleen47@tuttocitta.it,8gkHph5,Support,688-155-0189
153,Evan Lys,elys48@gov.uk,yZlkBq1oVJ,Product Management,532-348-3511
154,Cindi Cumbridge,ccumbridge49@dedecms.com,t0D3rC1BOZn,Engineering,633-920-7405
155,Maurice Duffil,mduffil4a@japanpost.jp,PQcyuv6sirf,Services,345-395-8140
156,Terri Emeney,temeney4b@cbc.ca,yx8gr0b,Business Development,370-805-7456
157,Abbey Karpov,akarpov4c@cargocollective.com,sxtTnKsS,Training,431-572-2378
158,Kamila Anney,kanney4d@1688.com,lhlOu0DVmFrM,Support,179-610-3049
159,Mattias Niche,mniche4e@ihg.com,SjRl5r93U9x2,Training,731-410-2691
160,Quinn Larrosa,qlarrosa4f@hubpages.com,9k0aTL,Legal,274-281-9839
161,Lotti Pietruschka,lpietruschka4g@edublogs.org,Ug5o4zrt,Engineering,286-686-4019
162,Archibaldo Cuseck,acuseck4h@cdbaby.com,Zt3Mts,Research and Development,323-758-9311
163,Madlen Ioan,mioan4i@sourceforge.net,j6YOzv,Accounting,759-972-3258
164,Rose Ballham,rballham4j@admin.ch,umiFPp,Product Management,744-202-9582
165,Barbee Pearton,bpearton4k@telegraph.co.uk,VpznEnrao,Legal,948-165-1910
166,Brena Faust,bfaust4l@bbc.co.uk,iCF6TfT2,Research and Development,333-647-7002
167,Mair Face,mface4m@wired.com,bpYfEzu,Engineering,483-785-1780
168,Rycca Valencia,rvalencia4n@photobucket.com,Mzh61CYv6,Support,306-854-5090
169,Tremayne Verdon,tverdon4o@hostgator.com,yaOLSqgCr,Accounting,526-659-1303
170,Gordie Brockley,gbrockley4p@umich.edu,AbKmOZMVMg,Research and Development,619-852-0655
171,Floria Rawsthorn,frawsthorn4q@typepad.com,BBWUhjU67Ttd,Human Resources,648-904-5518
172,Correy Lawrance,clawrance4r@oracle.com,EGLzrTh,Human Resources,824-626-0816
173,Kerby Abels,kabels4s@imageshack.us,a26mKDdA,Accounting,174-628-1747
174,Willetta Norridge,wnorridge4t@bluehost.com,zjWG9Z,Product Management,563-702-6086
175,Letti Robillart,lrobillart4u@deviantart.com,y41qhwFFKyB0,Research and Development,878-220-7546
176,Celestine Thebeau,cthebeau4v@yale.edu,GfYquyCi,Sales,281-678-0723
177,Pascal Flecknell,pflecknell4w@vkontakte.ru,P7u3DP,Engineering,583-982-2454
178,Abraham Ackermann,aackermann4x@gravatar.com,v8u1W0yK,Research and Development,975-647-6436
179,Ramsay Patten,rpatten4y@theatlantic.com,GIy1zVzjC,Marketing,539-543-3040
180,Vivienne Pobjay,vpobjay4z@phoca.cz,WBwKZL,Engineering,474-284-4991
181,Marijo Phelipeau,mphelipeau50@ameblo.jp,vWyWAgdPEMzk,Support,923-374-7394
182,Zebedee Malt,zmalt51@java.com,stWEMc9Ftt,Research and Development,693-446-0018
183,Joeann Verdy,jverdy52@adobe.com,ldtC4V8iRV,Research and Development,266-194-9661
184,Kris Chastaing,kchastaing53@umn.edu,ED9YdOl7gX5,Accounting,456-360-7015
185,Antonino Collett,acollett54@gravatar.com,l9FFXfnaJx9,Legal,573-406-5003
186,Nicki Sherborne,nsherborne55@bandcamp.com,8eWBAlKyB16,Marketing,654-425-6499
187,Maxwell Forten,mforten56@sitemeter.com,PjCPju,Accounting,140-611-3061
188,Johny Verrills,jverrills57@histats.com,r7WbOFq9yB0,Support,400-356-3972
189,Bethany Mizen,bmizen58@marketwatch.com,MazoIJ,Legal,695-601-7039
190,Thea Ottosen,tottosen59@cocolog-nifty.com,M4cDaXs9,Human Resources,220-336-1371
191,Isidoro Genthner,igenthner5a@answers.com,SuzoFW,Human Resources,913-505-3933
192,Ewan Oxburgh,eoxburgh5b@amazonaws.com,YLtbPaX,Accounting,935-990-3158
193,Sibby Bancroft,sbancroft5c@sourceforge.net,wKLkrlUSFMF,Sales,395-278-4062
194,Yoshiko Brudenell,ybrudenell5d@epa.gov,YnoMCtfN8d4,Human Resources,270-745-0580
195,Brady Matyatin,bmatyatin5e@nih.gov,A54Yos,Training,558-367-2658
196,Mela McPhillimey,mmcphillimey5f@discuz.net,UsQC1holEgV,Accounting,997-515-3664
197,Laure Potes,lpotes5g@liveinternet.ru,qVE1SUy,Legal,657-558-2619
198,Ham Huffer,hhuffer5h@feedburner.com,QaigMsv,Legal,519-545-6905
199,Tymon Steuart,tsteuart5i@weather.com,niVq6Vu,Human Resources,832-401-6043
200,Willette Preator,wpreator5j@jigsy.com,gbeKC26z224b,Accounting,447-774-1997
201,Tallie Elph,telph5k@cdc.gov,foKyugH1W3,Services,555-439-9070
202,Jarrod Wornham,jwornham5l@stanford.edu,Y8rh9ZxjCf1,Engineering,544-933-5721
203,Carlita Cumine,ccumine5m@tinyurl.com,qsM3uOXeMaK,Business Development,807-838-4251
204,Brynna Whotton,bwhotton5n@fema.gov,OYXSZJRvA9C,Research and Development,331-456-8226
205,Lexi Bogaert,lbogaert5o@weibo.com,NxU7FGC8TN,Services,576-382-4699
206,Lesya Povey,lpovey5p@about.com,nnDwcrZf,Sales,520-286-9998
207,Ferdy Askem,faskem5q@tamu.edu,kA1R3psWjnf,Research and Development,512-988-0969
208,Alvira Martusov,amartusov5r@admin.ch,LIhNVCaBsb,Research and Development,964-497-7067
209,Christiana Welchman,cwelchman5s@furl.net,siowSFqY4gpN,Business Development,710-278-5962
210,Remy Thing,rthing5t@mozilla.org,APd4PwpkhfJA,Sales,112-769-3731
211,Osmond Britch,obritch5u@forbes.com,FxjhHe,Product Management,371-695-9355
212,Pierrette Allmark,pallmark5v@fda.gov,Fu9s74k8V,Product Management,687-103-6677
213,Tammara Worvill,tworvill5w@indiatimes.com,PyFGPHgo7S,Services,195-717-6149
214,Reider Benettini,rbenettini5x@un.org,mWrik3DLuT,Sales,445-281-0797
215,Gayla Stratz,gstratz5y@vistaprint.com,FBimVzt1,Product Management,512-661-6642
216,Aron Parmer,aparmer5z@intel.com,tsvnFpYWJAuR,Accounting,424-942-9050
217,Marita Doll,mdoll60@hatena.ne.jp,vRYgwk,Human Resources,504-188-1333
218,Marilin De Gregoli,mde61@yale.edu,4YmQLVed,Support,304-565-1410
219,Margarethe O' Borne,mo62@live.com,0tGF0bvb,Engineering,633-638-8173
220,Dalt Andino,dandino63@plala.or.jp,DJY6zNSXfGc,Accounting,966-801-1382
221,Shelley Wenderott,swenderott64@unicef.org,nVWowhGpA,Training,561-119-8467
222,Susy Greeson,sgreeson65@sogou.com,lbO7H50s,Marketing,412-326-2811
223,Carline Keemer,ckeemer66@slideshare.net,XqG0rnt3,Business Development,227-543-4914
224,Steffie Sturrock,ssturrock67@fotki.com,8h6RUC,Product Management,255-460-7088
225,Rodrick Spellesy,rspellesy68@sfgate.com,67qTLcBnAOZ,Accounting,232-198-8556
226,Mendy Hesse,mhesse69@japanpost.jp,aaWzxTm,Training,954-733-5201
227,Alica Fallon,afallon6a@fda.gov,d8ooO7Arlrh,Marketing,207-661-5480
228,Lotty Bendig,lbendig6b@i2i.jp,dhGynDSp,Sales,145-976-2139
229,Stearn Aldington,saldington6c@yellowpages.com,dV02brub,Sales,510-448-2776
230,Maddi Fernie,mfernie6d@dailymail.co.uk,5YcQmRZ,Human Resources,572-220-8057
231,Regen Millichip,rmillichip6e@amazonaws.com,ZFY7t2J,Sales,472-880-9768
232,Casandra Tatford,ctatford6f@spiegel.de,jbcfIJpUD,Product Management,498-174-7612
233,Jarret Cranstone,jcranstone6g@51.la,xCOs0pjN2N,Legal,168-982-9627
234,Vachel Jeanon,vjeanon6h@mayoclinic.com,bi2W5P7,Services,207-939-2116
235,Caspar Gopsill,cgopsill6i@hud.gov,o0iaK7ZH,Sales,591-582-1730
236,Jeramey Farguhar,jfarguhar6j@blinklist.com,stIiCcIo,Legal,307-449-6457
237,Darbie Brunet,dbrunet6k@multiply.com,RGBRSvEHj,Engineering,698-885-9267
238,Daron Raye,draye6l@stanford.edu,MicO2xwS,Support,289-728-8459
239,Gillan Lovart,glovart6m@dedecms.com,pbnWleI005K,Product Management,991-636-2559
240,Nathaniel Hyndson,nhyndson6n@qq.com,M6DS4iwQ,Human Resources,652-686-8652
241,Sophia Wann,swann6o@miibeian.gov.cn,Q4dIQv,Legal,316-238-8321
242,Blaine Wenden,bwenden6p@wisc.edu,IZphOIe,Sales,330-366-9177
243,Kayley Meaking,kmeaking6q@oakley.com,N7iSRjLhK,Business Development,244-593-6644
244,Dorian Parsisson,dparsisson6r@pbs.org,pcvi5v,Research and Development,321-985-4328
245,Mathilde O'Crevy,mocrevy6s@hud.gov,h7PuT73pfy2N,Sales,999-596-2682
246,Franzen Peniello,fpeniello6t@unicef.org,Yc8xq9K,Engineering,795-575-7556
247,Jordanna Challice,jchallice6u@etsy.com,sj6aP5g,Training,214-255-6062
248,Nanine McIlhagga,nmcilhagga6v@meetup.com,AFHvtOh1,Product Management,388-509-1486
249,Joaquin Fennell,jfennell6w@istockphoto.com,5DbuPRkbk,Business Development,158-515-0496
250,Neysa Milligan,nmilligan6x@uiuc.edu,97N7EKzB,Product Management,365-418-8648
251,Ainslee Edrich,aedrich6y@comsenz.com,LxpEDij,Legal,419-221-5895
252,Dorisa Pirkis,dpirkis6z@netvibes.com,AbcbFF,Engineering,339-824-9094
253,Cori Gentle,cgentle70@youku.com,Nk94yCmHzD,Accounting,784-311-4207
254,Nevil Harburtson,nharburtson71@cam.ac.uk,EJXzQdNRStk,Human Resources,301-109-2806
255,Manda Bedward,mbedward72@goo.gl,C2vLQYLx,Product Management,586-798-0059
256,Berny Cully,bcully73@cbsnews.com,VUM1Slf9b1t,Marketing,237-942-9780
257,Purcell Farrow,pfarrow74@ovh.net,qW6rkIDpI,Product Management,103-420-6666
258,Angus Awty,aawty75@admin.ch,czL6WN,Engineering,700-257-7895
259,Joscelin Pellingar,jpellingar76@webnode.com,vHxYGR0RC,Training,386-467-8924
260,Tait Harpham,tharpham77@techcrunch.com,A3pbwIoZm,Sales,246-361-3162
261,Berk Wogden,bwogden78@netscape.com,bVgTkqB,Accounting,325-853-4901
262,Alwyn Bernardo,abernardo79@jiathis.com,FD5XRh88SbM,Training,114-692-5851
263,Vernen Toffel,vtoffel7a@chronoengine.com,Wb4YRjdx,Sales,805-905-3542
264,Corrinne Fripps,cfripps7b@google.co.jp,RAFB5AOD8DkE,Human Resources,976-548-6070
265,Jillane Withur,jwithur7c@europa.eu,aojVYZ,Research and Development,342-112-9580
266,Breena Vahey,bvahey7d@baidu.com,DSCq0S157,Support,870-578-3358
267,Gillian Keigher,gkeigher7e@tmall.com,3V51Lw6eI,Accounting,185-241-5004
268,Ozzie Issacoff,oissacoff7f@baidu.com,vmKKAvb4,Training,296-505-7735
269,Dacia Ben,dben7g@netvibes.com,0ixGr4,Support,314-520-0232
270,Robbyn McCullen,rmccullen7h@sfgate.com,QGCQnF95P,Marketing,813-141-5962
271,Tommie Sacco,tsacco7i@rakuten.co.jp,4sa045D9PrgS,Business Development,691-490-1624
272,Nadia McLemon,nmclemon7j@salon.com,NYhTArrULa6E,Sales,153-303-4230
273,Mahmud Ettles,mettles7k@digg.com,nKMqmPaL,Services,493-105-9831
274,Britta Jochanany,bjochanany7l@dyndns.org,G4GROJ,Sales,341-560-6432
275,Adelind Pirie,apirie7m@baidu.com,1N4C5l,Services,949-898-3036
276,Magda Braunston,mbraunston7n@tmall.com,WmVE007p,Legal,567-244-0954
277,Belicia Plevey,bplevey7o@google.com,ZGVSXqTu,Legal,211-533-1312
278,Yankee Biddle,ybiddle7p@loc.gov,X1XPdocCs,Sales,823-210-0693
279,Yovonnda Keays,ykeays7q@t.co,yxNsx1H4NO3s,Services,337-633-0428
280,Vina Goldwater,vgoldwater7r@technorati.com,aAWNGwRZn6T,Product Management,864-794-3844
281,Jennee McOrkill,jmcorkill7s@smh.com.au,2hEb4CaMe,Training,399-634-7235
282,Sylvia Digan,sdigan7t@elpais.com,qMtWsdRNq,Marketing,436-267-5605
283,Ryan Amort,ramort7u@java.com,ZHqFuNt3k,Research and Development,563-648-8926
284,Blake Schultes,bschultes7v@irs.gov,vCAVYsjr4Fh,Engineering,247-261-8847
285,Bruis Fosdyke,bfosdyke7w@wordpress.org,Vre70OBjdJ,Product Management,860-850-2287
286,Gianna Drysdall,gdrysdall7x@vistaprint.com,Mt5R5ApIOB1H,Engineering,320-733-2434
287,Coral Turvey,cturvey7y@state.tx.us,J9zNgxas9J7j,Training,342-586-3400
288,Chev Millichap,cmillichap7z@ehow.com,zKuEFWJpgm,Marketing,665-623-7042
289,Marshall Van den Oord,mvan80@theguardian.com,PxTruQgO,Services,424-336-0983
290,Tamas Brodest,tbrodest81@nsw.gov.au,RxOX37wMrqAD,Support,994-102-5604
291,Olia Ridwood,oridwood82@springer.com,3JJIOY3lef,Accounting,465-467-9006
292,Bunnie Macconaghy,bmacconaghy83@1688.com,sg5EWAKYXrM,Human Resources,270-929-4432
293,Wilie Pleavin,wpleavin84@spotify.com,Sgm29TOVfk,Accounting,395-511-6841
294,Edgar Ditty,editty85@ow.ly,pDXlAZX02i7,Human Resources,425-248-1893
295,Pooh Armatage,parmatage86@arstechnica.com,5qoentCouJa,Sales,794-309-6978
296,Astrid Bradnam,abradnam87@sphinn.com,TCozbu6l,Sales,922-308-7729
297,Alexei Sarra,asarra88@washingtonpost.com,0szor4,Research and Development,155-156-4913
298,Wesley Queen,wqueen89@ca.gov,XtsOP675L,Research and Development,986-678-9856
299,Jules Courcey,jcourcey8a@gravatar.com,pAwKiM,Engineering,186-850-8920
300,Nickolas Gainsborough,ngainsborough8b@odnoklassniki.ru,NrjJLFQSlj,Marketing,643-954-5186
301,Rochella Waterstone,rwaterstone8c@networksolutions.com,mOL1Cg1tBOkW,Human Resources,598-178-2419
302,Dyane Lebreton,dlebreton8d@sciencedirect.com,dR2449K,Services,876-386-6810
303,Hayes Godbolt,hgodbolt8e@t.co,JPQGQKe1LAR,Marketing,493-137-4272
304,Armand Margarson,amargarson8f@biglobe.ne.jp,hfuA39FbQH,Support,423-987-8684
305,Lief Tester,ltester8g@unblog.fr,ZVn8gCJIu2S,Support,453-811-3676
306,Wyn Jamary,wjamary8h@blogs.com,TwWd3XveV,Marketing,125-976-7807
307,Gabriela Robic,grobic8i@plala.or.jp,nT2d1byg,Sales,451-770-5803
308,Oona Rolinson,orolinson8j@elpais.com,eOT8RtpH3Q,Accounting,459-529-6195
309,Rex Souza,rsouza8k@yahoo.co.jp,6pQh8tP,Legal,194-585-2662
310,Marylee Sayer,msayer8l@guardian.co.uk,9r2kXOz,Marketing,210-360-5972
311,Gaye Zannutti,gzannutti8m@google.co.uk,2bcs0jC,Training,464-547-7603
312,Lani Herity,lherity8n@boston.com,V2RRVyZoY,Accounting,712-387-7971
313,King Glew,kglew8o@oracle.com,c6062fbaN,Product Management,947-289-8544
314,Shirlene Woof,swoof8p@usda.gov,UyvEfj,Training,862-485-4315
315,Benton Masdon,bmasdon8q@cdc.gov,HauSb3A,Marketing,858-956-2848
316,Kenny Teaze,kteaze8r@sohu.com,LaJTku6,Accounting,469-569-1235
317,Courtenay Dowdle,cdowdle8s@t.co,dXwhO4zUzP,Support,649-120-3555
318,Nedda Dargie,ndargie8t@prweb.com,4dB4P9av2IwL,Legal,957-970-9496
319,Joela Lattey,jlattey8u@stumbleupon.com,RgjXdrao,Business Development,484-784-8126
320,Cass Duck,cduck8v@unblog.fr,7fNXwYkv8x,Engineering,211-672-1814
321,Judye Fitzsymonds,jfitzsymonds8w@ask.com,DeK7mEMbH8sg,Marketing,853-259-3695
322,Caressa Rootes,crootes8x@go.com,6GvHdKIpIi,Accounting,288-688-0756
323,Pascal Albany,palbany8y@theglobeandmail.com,1ByAy8,Sales,603-292-0476
324,Davide Lemm,dlemm8z@biblegateway.com,S9HTn4OYypm,Human Resources,355-143-0379
325,Alister Thewles,athewles90@addtoany.com,Q3j3SZ4v,Accounting,974-618-6561
326,Marylinda Farmar,mfarmar91@nydailynews.com,AY79ks,Training,835-610-4017
327,Jeno Sawyers,jsawyers92@twitpic.com,FI4JwE,Support,111-435-0443
328,Norine Pantry,npantry93@cmu.edu,TVCGPq,Sales,373-144-2513
329,Booth Keast,bkeast94@canalblog.com,T0hsKFL0,Services,521-320-8086
330,Siffre Vaneev,svaneev95@zdnet.com,uXngYmiU,Training,501-193-0791
331,Darcie Geaveny,dgeaveny96@state.gov,jSvsWb4y,Marketing,635-380-8126
332,Robinetta Paviour,rpaviour97@gov.uk,b5c4PS,Marketing,461-618-5082
333,Ludwig Bellocht,lbellocht98@state.gov,61TFZf,Engineering,131-274-6249
334,Aubrey Uren,auren99@ifeng.com,mvYM25nqT,Research and Development,628-552-7655
335,Alexis Sawkin,asawkin9a@joomla.org,FVtxhHnfghB,Support,152-892-5967
336,Roxanne Banks,rbanks9b@indiatimes.com,AS3P9fl9DR,Engineering,973-377-3197
337,Massimiliano Zebedee,mzebedee9c@posterous.com,6pHV9FnLWFc6,Business Development,104-948-3155
338,Morly Beatens,mbeatens9d@aol.com,Q335I49Kp,Business Development,815-789-8830
339,Murdoch Slobom,mslobom9e@issuu.com,SJYyenwStzY,Product Management,466-320-2015
340,Uriel Kimbling,ukimbling9f@sciencedaily.com,CgWL6nh7bWZU,Legal,503-414-4615
341,Clarence Lemme,clemme9g@mapy.cz,rptAas6mU,Product Management,300-816-8400
342,Odella Degoe,odegoe9h@jalbum.net,VjkZpY8,Marketing,860-779-3192
343,Martynne Carriage,mcarriage9i@google.pl,Snonf9x,Research and Development,141-418-5145
344,Lurline Bavester,lbavester9j@ihg.com,cxpJHFmCm,Engineering,264-798-0244
345,Johnathan Gilby,jgilby9k@e-recht24.de,FGsTmrjiYUh,Marketing,441-973-8269
346,Levin Rue,lrue9l@bloglines.com,VHEZYJiAP2,Services,337-167-2317
347,Neil Hounsome,nhounsome9m@webnode.com,nJt44C,Business Development,663-917-9156
348,Garrek Ulyat,gulyat9n@jigsy.com,LYK6TTBo38,Sales,990-599-3374
349,Tabby Overnell,tovernell9o@tamu.edu,2XURy00litA,Support,857-246-1872
350,Blaire Seager,bseager9p@last.fm,IHogyo3a,Human Resources,945-858-0653
351,Bryn Rootham,brootham9q@opensource.org,NuCpyrViu16A,Support,517-940-9410
352,Hedwiga Lashmore,hlashmore9r@dion.ne.jp,ZaPDtqPdq1dV,Marketing,894-364-4903
353,Marja Ingarfill,mingarfill9s@bluehost.com,KtTUxVt7,Business Development,625-307-4316
354,Ezekiel Reglar,ereglar9t@smh.com.au,kplvKFjwJzI,Research and Development,115-867-3113
355,Margaretta Bayne,mbayne9u@163.com,ETcOqbmm,Sales,415-477-7517
356,Angeline Briffett,abriffett9v@gnu.org,cpG586,Legal,395-101-3099
357,Fanny Gameson,fgameson9w@yellowpages.com,ZsO1cMpVNno,Sales,816-965-0458
358,Malissa McEntee,mmcentee9x@etsy.com,zPVyPRf0ameV,Legal,710-573-6752
359,Claresta Maria,cmaria9y@123-reg.co.uk,i65kglu,Marketing,860-844-8146
360,Paulie Garms,pgarms9z@gravatar.com,Ek8eey,Marketing,376-283-5465
361,Stormie Nore,snorea0@stumbleupon.com,TBr5he,Research and Development,501-975-0637
362,Heath Struthers,hstruthersa1@adobe.com,8NuvBe,Accounting,321-113-5641
363,Alphonso Elmar,aelmara2@google.es,Znf9yq0Od,Product Management,161-386-6882
364,Ainslee Mathias,amathiasa3@hibu.com,etrrZTOa,Accounting,813-360-4234
365,Wainwright Lanon,wlanona4@nih.gov,1YJ5g2lf3pVS,Training,934-941-8642
366,Sutherland Edson,sedsona5@mlb.com,DmLc0zF1wh7,Legal,167-519-9455
367,Beverly Midghall,bmidghalla6@people.com.cn,hOfgmGz,Services,118-532-6935
368,Jeramie Lebarree,jlebarreea7@photobucket.com,BxV5gigs,Training,502-260-9517
369,Cherrita Darington,cdaringtona8@deviantart.com,K3hG2w,Research and Development,111-807-3973
370,Jeanne Seely,jseelya9@elegantthemes.com,jHSN0mqf,Support,105-449-2946
371,Palm Pellamonuten,ppellamonutenaa@slideshare.net,sZb9mJ5,Accounting,979-130-2383
372,Violet Seagrave,vseagraveab@patch.com,eGxxBPFkAn,Product Management,649-376-4992
373,Clement Lorraine,clorraineac@reference.com,SVue7vC27,Support,535-235-5824
374,Wheeler Harber,wharberad@alexa.com,8kFAXf0S,Product Management,950-240-4389
375,Noami Clementucci,nclementucciae@pbs.org,grO1OeLbeq,Training,876-114-8584
376,Gaspar Batterbee,gbatterbeeaf@homestead.com,jKt9JerZ2,Human Resources,327-628-3413
377,Erasmus Gateland,egatelandag@xinhuanet.com,9EluXuv0FKVO,Legal,632-585-8432
378,Ros Gimenez,rgimenezah@cisco.com,cK3Oxm,Research and Development,262-896-2669
379,Thurston Dreghorn,tdreghornai@google.co.jp,NNGzeUvoz,Services,827-548-7247
380,Jehu Seares,jsearesaj@harvard.edu,LfZXdlZn,Engineering,889-326-0691
381,Flin Kibblewhite,fkibblewhiteak@sun.com,7Ylw3cNLW2uy,Human Resources,610-616-3512
382,Alicea Casacchia,acasacchiaal@ovh.net,sphUY9vf,Research and Development,405-732-4308
383,Stewart Dungate,sdungateam@nih.gov,klUBwUqNem,Accounting,612-336-9368
384,Kingsly Turrell,kturrellan@ft.com,2FrM9ywknsZ,Engineering,344-346-7469
385,Steward Paschek,spaschekao@vimeo.com,0jZH6v5gj,Services,452-913-2432
386,Lannie Leech,lleechap@acquirethisname.com,aK95HlIFN2C,Training,626-864-1920
387,Jennifer Cridlon,jcridlonaq@globo.com,TOhuYll,Training,558-987-5596
388,Abeu Cuschieri,acuschieriar@free.fr,7q9EOg,Product Management,763-888-7659
389,Dulcine Imlaw,dimlawas@prlog.org,R40YB00p,Research and Development,648-633-1589
390,Ramonda Tawse,rtawseat@auda.org.au,rlWxZL2D3,Sales,565-801-0311
391,Ermentrude Celler,ecellerau@ebay.co.uk,Q94tJkRkHzWq,Engineering,546-389-2729
392,Cherrita Rainsden,crainsdenav@t.co,rrYamWP1B,Training,496-473-7089
393,Fidela Carvil,fcarvilaw@booking.com,s0yrmr,Services,448-382-4666
394,Magdalen Libbis,mlibbisax@dedecms.com,Tnw8F0sH,Support,112-475-9619
395,Clarence Bartolomucci,cbartolomucciay@google.com.br,JZ6RLAi,Engineering,740-857-2190
396,Lolita Leborgne,lleborgneaz@xing.com,ydDf3uJqv6I,Engineering,849-501-9599
397,Debi Sergent,dsergentb0@booking.com,8LcMlh,Support,304-474-3750
398,Elinore Crossthwaite,ecrossthwaiteb1@ocn.ne.jp,iHiFQ3DA,Marketing,646-688-3918
399,Shurwood Crus,scrusb2@earthlink.net,AWE9q0z3NC,Accounting,593-284-6708
400,Joellen Janikowski,jjanikowskib3@macromedia.com,tYrig8WpX,Sales,262-601-5229
401,Cher Kopisch,ckopischb4@google.es,CZ54F74XQ,Marketing,665-605-5191
402,Donny Slimon,dslimonb5@163.com,eexN65vyYn6,Engineering,534-189-9603
403,Chris Hurdis,churdisb6@facebook.com,4C0LKbn,Support,902-642-3398
404,Ervin Hitter,ehitterb7@un.org,yabW2XWqRyNH,Marketing,271-845-9746
405,Rana Drinkhill,rdrinkhillb8@a8.net,J8SpCw,Legal,403-206-1139
406,Salome Spacey,sspaceyb9@vk.com,ZSDsa6btxxq,Marketing,662-603-1980
407,Keir Gregg,kgreggba@bing.com,LzErkI9b,Accounting,518-189-3282
408,Egan Dallimare,edallimarebb@live.com,9WC8zUi3O,Sales,743-197-9795
409,Emilia Edgar,eedgarbc@bigcartel.com,DT4QX4,Sales,298-649-6501
410,Ricard Cheeney,rcheeneybd@istockphoto.com,mUXA0aop,Research and Development,286-830-0729
411,Dean Boase,dboasebe@amazonaws.com,bOcYRh,Accounting,356-673-6583
412,Tanney Pirnie,tpirniebf@i2i.jp,vWbd7C6Hv,Business Development,122-387-7543
413,Minni Henriquet,mhenriquetbg@miitbeian.gov.cn,86DjufRKOq8,Sales,348-801-4200
414,Trude Grumble,tgrumblebh@so-net.ne.jp,pWH7M2i9EjAZ,Services,958-319-2630
415,Kimbra Tapscott,ktapscottbi@blogtalkradio.com,AO13cN81,Product Management,550-506-8673
416,Jillian Guinery,jguinerybj@gnu.org,yLJ5a7T51SL,Services,197-302-7930
417,Emlen Pittaway,epittawaybk@forbes.com,TcNr4Nf,Services,469-504-4117
418,Magdalena Duffer,mdufferbl@yellowpages.com,B0PVYrR,Sales,735-976-0412
419,Angelique MacNeill,amacneillbm@amazon.com,suENbJbwqWv,Engineering,157-180-0296
420,Yevette Napolitano,ynapolitanobn@woothemes.com,A6dUnEgkvt,Accounting,103-103-4098
421,Georges McMeanma,gmcmeanmabo@last.fm,CWZkdZ3TrmxH,Sales,989-636-4572
422,Abner Giorio,agioriobp@admin.ch,7HfnD09,Support,714-727-9743
423,Dorry Muck,dmuckbq@fda.gov,IOJME4,Accounting,719-653-4766
424,Gillie Egglestone,gegglestonebr@trellian.com,K5BH6hvp,Training,792-770-9619
425,Suzie MacKenzie,smackenziebs@sohu.com,3E0xc3BZTKoB,Business Development,622-460-1049
426,Alana Reinert,areinertbt@cargocollective.com,dfMUVeDH,Business Development,838-867-6369
427,Zsa zsa Veregan,zzsabu@wsj.com,cffOwtbCcuf8,Legal,322-708-8080
428,Reg Ruppele,rruppelebv@hud.gov,osKBKGB,Services,521-837-4016
429,Noreen Sammon,nsammonbw@sohu.com,vflqBV0W,Accounting,738-895-6185
430,Cloris Mabbe,cmabbebx@reddit.com,3QlDOz,Research and Development,216-585-5868
431,Mehetabel Keenor,mkeenorby@redcross.org,qZLfQeVnZf6,Accounting,276-844-5076
432,Klarrisa Reddoch,kreddochbz@bbb.org,bKv2NK0o,Legal,514-626-1170
433,Karlene Giamelli,kgiamellic0@chron.com,o1jehxp0E2I,Business Development,884-345-3928
434,Joby Schultes,jschultesc1@i2i.jp,SOJ83KPy,Marketing,530-385-5950
435,Joline Dyte,jdytec2@walmart.com,xT0wF7pU,Services,543-159-5266
436,Sharon Silverman,ssilvermanc3@t-online.de,tAfeYY,Product Management,902-836-8683
437,Hazel Danzey,hdanzeyc4@hatena.ne.jp,sd5Orzl,Support,504-375-6045
438,Shayla Triner,strinerc5@huffingtonpost.com,L05uLx1,Accounting,458-452-1282
439,Geneva Ollie,golliec6@joomla.org,55sTz1kbg,Support,171-400-8989
440,Florance Fass,ffassc7@oracle.com,LpAwF7d,Product Management,833-200-8914
441,Marci Brazenor,mbrazenorc8@flickr.com,aHZf686F7,Marketing,556-558-2670
442,Wallie Arnke,warnkec9@ustream.tv,Fg8VoHRDdW,Business Development,502-108-5395
443,Rafaelia Ancliffe,rancliffeca@army.mil,SyeLaN,Services,912-865-2586
444,Babette Cherrett,bcherrettcb@dailymail.co.uk,mjoJ7OXTVKWz,Support,529-594-5173
445,Jordain Parkman,jparkmancc@craigslist.org,okwEPKkfYO,Research and Development,891-419-1025
446,Evelina Dunnaway,edunnawaycd@pagesperso-orange.fr,ls4cC440d,Sales,437-441-1195
447,Aloise Batie,abatiece@etsy.com,jGxxUi2y8,Services,979-191-2882
448,Donia Doog,ddoogcf@npr.org,DSqyJKZH,Product Management,767-482-6973
449,Wilone Stallen,wstallencg@columbia.edu,ShsWqU,Support,800-426-5238
450,Catlin Clist,cclistch@1688.com,xGBCgATwl4Fx,Product Management,762-149-6656
451,Sigvard Sture,sstureci@adobe.com,bIwtR1,Sales,387-389-2820
452,Maureen Passion,mpassioncj@phpbb.com,sjc0sCSxd,Sales,265-710-1873
453,Susy Flye,sflyeck@fda.gov,3PJC9FNqQ,Accounting,931-479-7397
454,Pat O' Donohue,pocl@lycos.com,WYtKhuGEFQ,Services,982-466-8395
455,Daisie Ayers,dayerscm@wikispaces.com,TsMyVd746g,Sales,981-717-4918
456,Marigold Blaksland,mblakslandcn@com.com,bdsMFvWMnIGw,Business Development,410-351-1497
457,Christie Lamboll,clambollco@wisc.edu,9R58JsQcLkOO,Services,512-251-2375
458,Josselyn Glanders,jglanderscp@howstuffworks.com,Uc0QgmY,Business Development,902-117-6911
459,Dave Wyon,dwyoncq@berkeley.edu,sszBvp,Research and Development,143-624-5058
460,Prisca Aizikov,paizikovcr@weebly.com,mw2mAOjGhgo,Product Management,840-749-8235
461,Julia Batchan,jbatchancs@mashable.com,IIVxJ1gKW,Sales,859-999-5358
462,Benoite Dymick,bdymickct@tuttocitta.it,6g0o4x0y6c,Business Development,535-446-3310
463,Christophorus Argontt,cargonttcu@godaddy.com,VZdNdnXSG16A,Human Resources,668-179-5955
464,Leisha Awcock,lawcockcv@cdc.gov,sJRZADjR,Marketing,971-890-5487
465,Paddie Eley,peleycw@noaa.gov,ftQ1SZoL,Accounting,968-720-8277
466,Guntar Chinnick,gchinnickcx@lulu.com,7FJvjCznGiIs,Research and Development,963-940-0471
467,Lynelle Couve,lcouvecy@sakura.ne.jp,bc4jqW,Support,343-107-8106
468,Valle Richarz,vricharzcz@prlog.org,KsFw5xZ2GOm,Product Management,463-216-2038
469,Clerkclaude Uccelli,cuccellid0@nps.gov,HNZjZVc,Legal,784-970-5599
470,Mikkel Tuting,mtutingd1@livejournal.com,WuVzC0Ib3,Human Resources,480-886-3958
471,Carrol Liddel,cliddeld2@youtube.com,6QQG5tlnIR,Support,238-708-3258
472,Freemon Braffington,fbraffingtond3@printfriendly.com,gzUMHjrM0,Research and Development,563-386-1118
473,Pru Reppaport,preppaportd4@zdnet.com,0aodYgMwI8g,Legal,570-543-8003
474,Norbie Wheelhouse,nwheelhoused5@miitbeian.gov.cn,6aFniv,Research and Development,691-960-7590
475,Kaia Rubinsaft,krubinsaftd6@com.com,lDtQIF5tia,Sales,373-904-2086
476,Everett Seer,eseerd7@indiegogo.com,ClCL7YV,Training,666-587-5861
477,Cordey Jerred,cjerredd8@myspace.com,1DVQ6criif,Legal,748-506-4695
478,Britt Lievesley,blievesleyd9@aol.com,z955A7cd2,Marketing,280-698-9038
479,Lancelot Kick,lkickda@businessweek.com,OgfprUk0,Business Development,384-259-1124
480,Kassandra Fahrenbacher,kfahrenbacherdb@alexa.com,tg34KDLFx,Training,355-363-1866
481,Ibrahim Hubbard,ihubbarddc@boston.com,Rm0lIN,Marketing,181-729-8172
482,Gwenni Littell,glittelldd@foxnews.com,dk6pTtu,Engineering,483-700-2480
483,Kelley Roycraft,kroycraftde@ifeng.com,9bAwmbylMls,Product Management,542-757-2034
484,Randene Chaudhry,rchaudhrydf@tinypic.com,W5NALhl,Support,802-611-8969
485,Jane Smorfit,jsmorfitdg@sbwire.com,Aif7EScmJ,Marketing,908-488-5494
486,Nolana Caherny,ncahernydh@furl.net,YFjmMldJpRE,Human Resources,189-287-0470
487,Romain Broomfield,rbroomfielddi@ft.com,Cpn474USl5z,Research and Development,711-401-3501
488,Trula Gillon,tgillondj@sogou.com,eexPcL0O,Business Development,282-375-1259
489,Emmey McTeague,emcteaguedk@wikia.com,RmP3CyLi,Human Resources,633-904-2102
490,Adrienne Dumbelton,adumbeltondl@cisco.com,XKgzx4SIx2,Training,434-612-3103
491,Thedrick Frayling,tfraylingdm@upenn.edu,njFvgmIQ,Human Resources,703-856-7571
492,Rabbi Commucci,rcommuccidn@amazonaws.com,UPDopGvY6t,Accounting,805-742-7575
493,Dalton Colvill,dcolvilldo@auda.org.au,JKXpmkIC,Human Resources,893-298-9398
494,Lucius Feldbau,lfeldbaudp@paypal.com,GLKmgJBekaPd,Services,710-395-3235
495,Artie Mercey,amerceydq@symantec.com,xBoLk9KO,Engineering,430-990-7279
496,Lela Huxton,lhuxtondr@cnet.com,TWIPNpZdEjE,Sales,241-719-9868
497,Barr Conrard,bconrardds@earthlink.net,jPcia2,Sales,149-696-0416
498,Isidore Haseldine,ihaseldinedt@netscape.com,IxOBODnJFN7,Sales,953-505-5438
499,Tabby Heinle,theinledu@1und1.de,q2SXGDGDGkv,Legal,809-283-0445
500,Brady Scroyton,bscroytondv@1und1.de,WKDUlPuLd8J,Business Development,780-890-9919
501,Percy Clementi,pclementidw@smugmug.com,9y2wJAfwsf,Human Resources,711-330-2137
502,Francois Domican,fdomicandx@sakura.ne.jp,ehNrPZMw,Engineering,103-385-0022
503,Desirae Isselee,disseleedy@icq.com,14ulclExEbe,Business Development,717-573-2900
504,Lilia Pettegre,lpettegredz@baidu.com,rhRBsTby,Training,510-776-6331
505,Wilton Keyte,wkeytee0@a8.net,ty6nncVbX,Accounting,924-942-0358
506,Lalo Boyd,lboyde1@latimes.com,VzqPxQdEy,Training,615-953-1183
507,Steffie Patullo,spatulloe2@wiley.com,sapXdWKA,Product Management,818-943-9549
508,Layney Glison,lglisone3@baidu.com,MDJ0LmhF0,Training,807-778-3312
509,Bord Stiant,bstiante4@vistaprint.com,UDUIdPjIAx,Product Management,924-516-4918
510,Marci Abry,mabrye5@alexa.com,JQLftS8M,Support,738-219-9027
511,Sonja Le Grove,slee6@macromedia.com,beiUJuY9Gr,Engineering,504-511-3260
512,Beverley Walliker,bwallikere7@vk.com,hga4jzDOO,Research and Development,262-928-8173
513,Rockwell Jon,rjone8@bbc.co.uk,8BeYmp,Business Development,533-959-0494
514,Ophelie Cockran,ocockrane9@icio.us,AlWVbp,Sales,166-471-8809
515,Willie Sreenan,wsreenanea@ning.com,S6hkrq,Support,178-350-6089
516,Patty Ninnis,pninniseb@zdnet.com,YRcMoR,Business Development,338-608-3789
517,Ryan Maciocia,rmaciociaec@g.co,z1tkXWXy,Marketing,130-925-7085
518,Loralie Clair,lclaired@lycos.com,KzBrvTx6o,Sales,682-358-7178
519,Iolanthe Brydon,ibrydonee@fotki.com,GaIi55,Services,913-854-7171
520,Colly Alman,calmanef@webnode.com,lAUFQJ6,Services,916-915-7035
521,North Clawe,nclaweeg@harvard.edu,huCX5K4VP,Legal,561-363-3962
522,Fowler Lawrenz,flawrenzeh@1688.com,iWQTGM,Training,475-219-0247
523,Bird MacRory,bmacroryei@umich.edu,pq9vY0jNeC,Support,662-647-8681
524,Ingar Da Costa,idaej@state.tx.us,QiNA70,Research and Development,618-822-5094
525,Malia Roles,mrolesek@alibaba.com,XDuB7ZgGlbL,Support,581-128-0222
526,Monty Lemmen,mlemmenel@nifty.com,Bgw5OmnzJB,Sales,138-479-6995
527,Isidoro Wigfall,iwigfallem@nhs.uk,ndikMn,Accounting,700-637-4866
528,Dulsea MacScherie,dmacscherieen@umich.edu,0zCNebX,Engineering,119-997-3679
529,Benedict Rainsdon,brainsdoneo@unicef.org,iPiFqfr8FY,Support,253-235-3387
530,Zonda MacConneely,zmacconneelyep@imageshack.us,vqqF7fT,Research and Development,708-506-3051
531,Keefe Pichan,kpichaneq@purevolume.com,xsfil6ydE1G3,Services,183-668-9611
532,Biron Craydon,bcraydoner@freewebs.com,PE26qreSWh,Product Management,645-602-5770
533,Granger Winch,gwinches@google.com,5X77qVUEGR4,Product Management,820-698-6770
534,Sileas Pannaman,spannamanet@merriam-webster.com,2eYRZX7aE,Accounting,832-634-3734
535,Elberta Tallman,etallmaneu@sina.com.cn,bdaQHbG1C8,Sales,109-159-8800
536,Tades McCaskill,tmccaskillev@answers.com,qBBCp8uFCo0,Sales,237-667-7027
537,Arlana Pocke,apockeew@skype.com,nJFPq90,Legal,144-172-4086
538,Grantley Van den Broek,gvanex@biblegateway.com,3dR9dVKQ,Product Management,950-711-9377
539,Derk Ducham,dduchamey@mediafire.com,Hy0e0Ib9L,Sales,948-439-6062
540,Lexi Maleney,lmaleneyez@alexa.com,JWbphRs,Accounting,352-175-8585
541,Robby Alcott,ralcottf0@springer.com,dkDTZqJb2,Human Resources,645-598-1559
542,Hallsy Spearing,hspearingf1@va.gov,k9viIUMbT,Marketing,338-820-3019
543,Margaretta Van Dalen,mvanf2@pagesperso-orange.fr,K3ls6G583,Sales,944-546-3661
544,Eberto Caldow,ecaldowf3@sitemeter.com,P6PeMh,Research and Development,525-821-0062
545,Kikelia Huitson,khuitsonf4@fastcompany.com,wWZ8GEk,Legal,191-435-1395
546,Son Galley,sgalleyf5@fda.gov,c4OTTkTo,Training,712-489-4598
547,Ellwood Laity,elaityf6@ebay.com,rf6UWsP1v5P,Business Development,301-643-8711
548,Baird Reiach,breiachf7@surveymonkey.com,yjtU6iYhiR,Accounting,801-969-3045
549,Mela Smeeton,msmeetonf8@yahoo.com,Iwh5f9Jlm,Accounting,898-354-4217
550,Krystle Gretton,kgrettonf9@kickstarter.com,DTtFvyze44Ee,Engineering,480-121-2411
551,Ailyn Loftin,aloftinfa@amazon.de,eUc5jL,Support,756-908-4752
552,Kelcie Hardwell,khardwellfb@oaic.gov.au,AoXu1Iwe1,Research and Development,886-201-0750
553,Marcellus Melonby,mmelonbyfc@spotify.com,DhMcyKSZGG2,Marketing,553-825-9548
554,Constantia McGuff,cmcgufffd@whitehouse.gov,EcQ462fa,Sales,356-932-0721
555,Maddy De'Vere - Hunt,mdeverefe@chronoengine.com,xzIbW6NrEn,Legal,534-313-7036
556,Vonni Polglaze,vpolglazeff@icio.us,CkoQrpZS,Human Resources,986-385-0045
557,Katy Cussen,kcussenfg@twitter.com,zfIho2H,Product Management,245-107-2283
558,Barnaby O'Sherin,bosherinfh@wiley.com,oBVWCl,Research and Development,747-383-4030
559,Randi Gabbotts,rgabbottsfi@gizmodo.com,I4ljHVry,Marketing,383-294-8456
560,Ingrim Belf,ibelffj@ucoz.ru,eLCs3Xgj,Marketing,256-253-1853
561,Sofie Benkin,sbenkinfk@wisc.edu,hgNZKYMj5,Engineering,843-987-3649
562,Camille Issacson,cissacsonfl@woothemes.com,h7Xpegsoe,Sales,891-115-6089
563,Noach Trayton,ntraytonfm@abc.net.au,M46N7GkF,Human Resources,953-335-2114
564,Perkin Lanchbery,planchberyfn@friendfeed.com,RLueqqIV7F,Services,271-321-9448
565,Jacquenetta Jobin,jjobinfo@list-manage.com,6S1dS4q,Legal,929-829-6134
566,Carlynne Joynes,cjoynesfp@w3.org,Ti0DFt,Services,212-180-4819
567,Nefen Dalley,ndalleyfq@discuz.net,PgyHhIEkVR,Support,595-754-3427
568,Kacey Banat,kbanatfr@creativecommons.org,ETamMZt,Accounting,744-175-4023
569,Brunhilda Kilbane,bkilbanefs@yale.edu,EOmCS6Qt4ys6,Sales,919-722-5309
570,Maddie Ades,madesft@slashdot.org,3u1SYp,Training,966-726-6256
571,Rosanna Pretty,rprettyfu@ted.com,jQdubVl,Support,419-665-6047
572,Claire Couvert,ccouvertfv@alexa.com,EnEEYHxGT2NF,Services,483-355-1033
573,Emmeline Baselli,ebasellifw@usgs.gov,PeI8RNn,Training,404-702-4905
574,Tally Brockie,tbrockiefx@1688.com,ek5Jm5Eod,Business Development,780-566-4832
575,Bartholomeo Millwater,bmillwaterfy@auda.org.au,ukgyNe6ANc,Accounting,414-749-3298
576,Cyndi Inkin,cinkinfz@is.gd,eHwJwesRvEZ,Services,425-876-3782
577,Jordana Adamini,jadaminig0@canalblog.com,SlkFaKca,Human Resources,646-465-5829
578,Constantino Pailin,cpailing1@java.com,ReLDH8,Human Resources,210-965-5203
579,Shoshana Biaggioni,sbiaggionig2@phoca.cz,Hvrg0xginw,Marketing,575-718-1539
580,Danit Scollick,dscollickg3@meetup.com,agA1r3YM,Human Resources,186-150-1355
581,Brit Pheasey,bpheaseyg4@cyberchimps.com,Ke3Rtesh5,Legal,148-172-1581
582,Filbert Stockhill,fstockhillg5@a8.net,Y44L8LUX9clj,Engineering,879-355-3709
583,Eugene Levesley,elevesleyg6@addthis.com,ZXuKFj943agz,Sales,190-170-1121
584,Erina Hanks,ehanksg7@wunderground.com,0zQzPqPuCZt,Services,702-277-1384
585,Selby Gavaghan,sgavaghang8@rakuten.co.jp,iylPVx,Support,143-394-3786
586,Mike Campanelli,mcampanellig9@zimbio.com,a6iw8rDNPLF,Business Development,813-843-9873
587,Cathee Mount,cmountga@xrea.com,cnEMcv1KTQE,Training,738-755-5868
588,Frankie Bronger,fbrongergb@cbslocal.com,sn9zdh0bs,Sales,576-535-6599
589,Nikola Saltmarshe,nsaltmarshegc@pagesperso-orange.fr,pfAdQF,Training,131-616-7665
590,Karlik Marjot,kmarjotgd@surveymonkey.com,uudW305t,Sales,570-119-3863
591,Giustina McDugal,gmcdugalge@epa.gov,HkExaxHN2zO,Business Development,453-119-1745
592,Eileen Lundbeck,elundbeckgf@t-online.de,dQRYHLoT8p,Legal,257-262-0620
593,Jaymee Twigger,jtwiggergg@imdb.com,xvwtyk,Engineering,501-445-3996
594,Bryn Whitsey,bwhitseygh@free.fr,vL3LQov,Human Resources,643-235-6438
595,Ferrel Drennan,fdrennangi@instagram.com,jjpitfNj,Training,667-163-0020
596,Lexi Grabham,lgrabhamgj@google.cn,fwBtdD,Services,518-586-2154
597,Darleen Simeonov,dsimeonovgk@unicef.org,78TtWNqmtP,Sales,660-281-1316
598,Valentina Ludvigsen,vludvigsengl@macromedia.com,Q3avaE9qg,Research and Development,661-332-5527
599,Hale Janas,hjanasgm@behance.net,8jP05weM,Research and Development,412-896-1202
600,Dud Haysman,dhaysmangn@nature.com,QdsUPdPe,Sales,544-160-8527
601,Coletta Worham,cworhamgo@123-reg.co.uk,J13IagUxfvoc,Business Development,964-271-1424
602,Alf Pirozzi,apirozzigp@deviantart.com,ggZGD5aU4f6,Sales,231-961-6828
603,Rip Gioani,rgioanigq@so-net.ne.jp,vlUWvhvO,Research and Development,881-677-2935
604,Brennan Waghorn,bwaghorngr@eepurl.com,6FZTRNO,Support,221-184-2835
605,Antonius Fennelly,afennellygs@nydailynews.com,DMk8ncNujMd,Human Resources,203-839-1643
606,Derwin Gaul,dgaulgt@soundcloud.com,pJiN8ZM,Legal,954-579-0049
607,Patience Allinson,pallinsongu@reference.com,Pu6z80YK0Jl7,Services,274-995-2520
608,Kirbee Zettler,kzettlergv@sina.com.cn,7lKvG5uJ186H,Research and Development,652-683-7951
609,Nolan Sprackling,nspracklinggw@fotki.com,Y3HFgTcPYRP,Support,118-558-3750
610,Rolph Skeel,rskeelgx@mtv.com,4dm1xih3X,Marketing,188-846-4398
611,Bent Sand,bsandgy@nhs.uk,9KkBFcJBKtkM,Accounting,700-589-1030
612,Fabiano Horning,fhorninggz@stumbleupon.com,fYgX6AiX,Accounting,347-741-8196
613,Aurel Barense,abarenseh0@twitter.com,oMg110BshH6,Services,563-551-2983
614,Staford Wardroper,swardroperh1@hibu.com,p3Bj1IP,Marketing,314-763-7854
615,Ninnette Stickford,nstickfordh2@sun.com,xof2Ju42Ots7,Human Resources,784-635-8113
616,Tobe McCarrell,tmccarrellh3@adobe.com,JKTYLm,Engineering,836-648-0627
617,Arlinda Mc Ilory,amch4@cbsnews.com,gfSMKChxoF,Support,527-604-8452
618,Greer Gilmour,ggilmourh5@mashable.com,aurp6hAj5UG,Research and Development,639-556-3862
619,Godfrey Meagher,gmeagherh6@list-manage.com,OeyY49Di26g,Sales,544-196-1363
620,Brigida Argont,bargonth7@bloglines.com,xbyOnlLokw,Research and Development,309-371-0654
621,Iseabal Bottoner,ibottonerh8@auda.org.au,qq44Vz89d,Engineering,704-586-2535
622,Jillene Yuille,jyuilleh9@slashdot.org,ew83pF,Accounting,692-674-4089
623,Trula Laying,tlayingha@privacy.gov.au,ckVchL7,Sales,310-486-5009
624,Arluene Iamittii,aiamittiihb@cpanel.net,HIffoMGl5,Human Resources,717-349-2054
625,Bianca Gisbye,bgisbyehc@miibeian.gov.cn,IxoJgPJDUOiy,Accounting,234-500-6263
626,Timoteo Linley,tlinleyhd@dmoz.org,Y7szHvUW0V,Legal,487-130-2886
627,Melissa Shotton,mshottonhe@hibu.com,6NQ8WB9mLa,Engineering,897-455-0379
628,Frasquito Royse,froysehf@wikispaces.com,aHqKgxfp3J2,Research and Development,734-775-1745
629,Powell Abramowitz,pabramowitzhg@bloglovin.com,qaYWE53ukwkr,Legal,826-449-1060
630,Aprilette Slingsby,aslingsbyhh@e-recht24.de,GVBUduYfAShG,Services,768-476-7697
631,Perry Scinelli,pscinellihi@tumblr.com,dNgKNF5US,Services,862-389-6463
632,Trudi Bims,tbimshj@flickr.com,dyL4Gb,Support,172-262-1297
633,Karin Buxsy,kbuxsyhk@dedecms.com,ARmDKqgc,Marketing,928-977-0296
634,Pembroke Weed,pweedhl@seattletimes.com,5vQnNAR,Marketing,279-855-6343
635,Britt Orbon,borbonhm@biglobe.ne.jp,p7W76Hf,Product Management,493-165-9025
636,Doroteya Simeons,dsimeonshn@miibeian.gov.cn,RGJuQBi,Services,598-663-8443
637,Fabiano Sissons,fsissonsho@nyu.edu,TgFEwi,Engineering,422-840-1307
638,Ronica Muino,rmuinohp@marriott.com,DRVkF92f,Engineering,126-221-1975
639,Linnie Lamas,llamashq@google.com.au,CxBXCJhs,Human Resources,233-184-1804
640,Lorenza Lewendon,llewendonhr@oaic.gov.au,AKY6DU37v,Legal,487-587-7994
641,Mordecai Lumpkin,mlumpkinhs@amazonaws.com,eVwB5Nib,Engineering,487-520-1398
642,Hilda Tesauro,htesauroht@springer.com,lDacGPAy5Bs,Business Development,103-469-7807
643,Grethel Proctor,gproctorhu@hc360.com,9JFeB9,Support,892-256-7206
644,Llywellyn Shuard,lshuardhv@ebay.com,mxVhItAO5nBZ,Engineering,533-647-6007
645,Diann Mapplethorpe,dmapplethorpehw@yandex.ru,pKz9Fcr,Legal,789-512-8765
646,Matilde Hartles,mhartleshx@canalblog.com,Lh0iAQVDWQvy,Engineering,274-134-7373
647,Roby Juanico,rjuanicohy@omniture.com,ayi6U5,Accounting,257-824-2974
648,Corabel Clixby,cclixbyhz@tinypic.com,Nu4f3tV,Services,714-375-2092
649,Thea Peek,tpeeki0@usda.gov,zkBcRQk,Business Development,843-251-7024
650,Cristin Newby,cnewbyi1@harvard.edu,Wgxnb1GG6ng,Sales,975-478-2628
651,Morlee Grint,mgrinti2@networkadvertising.org,IpGtGt6JJHb,Training,453-962-1490
652,Fabiano Janik,fjaniki3@youtu.be,0JZI2hJ0FfN,Sales,116-999-3528
653,Howey Strooband,hstroobandi4@shareasale.com,t4prLfacc0M,Support,630-543-2772
654,Thomasa Sidey,tsideyi5@google.ca,26iciQY,Product Management,680-690-7805
655,Elisabetta Kilshaw,ekilshawi6@ed.gov,aMeJaUP,Business Development,924-106-1665
656,Merna Grimsdyke,mgrimsdykei7@techcrunch.com,H4xW2J4U,Research and Development,525-848-2113
657,Jennilee Coppens,jcoppensi8@technorati.com,Qm2RPuBY,Product Management,113-862-9294
658,Phil Anfrey,panfreyi9@smugmug.com,SlSSWx2p,Sales,415-366-6420
659,Eberhard Minucci,eminucciia@sakura.ne.jp,IZ4rvp2Mr,Engineering,981-731-0724
660,Arch Ferrarin,aferrarinib@google.de,uZSLNta,Marketing,369-620-6113
661,Julius Eakeley,jeakeleyic@issuu.com,PtSjf2Zs,Accounting,489-836-7881
662,Heinrik Ferrelli,hferrelliid@google.ru,8gf4x2,Marketing,474-656-9835
663,Adela Bascombe,abascombeie@army.mil,Kpns3CtWTy,Support,921-504-2278
664,Addie Estabrook,aestabrookif@dailymotion.com,rGiKk2Acz,Support,901-352-6806
665,Lauraine Beevis,lbeevisig@va.gov,16tHW8k,Support,261-313-9966
666,Gifford Hayfield,ghayfieldih@livejournal.com,C6mUIR,Human Resources,784-556-7175
667,Boigie Louth,blouthii@census.gov,RClWkYEqZq,Human Resources,657-884-3770
668,Filippo Takos,ftakosij@engadget.com,5INY6dr0,Engineering,403-319-9916
669,Harrietta Kingswold,hkingswoldik@trellian.com,vmRksLK4WXg,Business Development,176-192-4674
670,Shoshana Gorbell,sgorbellil@163.com,bd8UpoYe5JP,Marketing,945-598-1903
671,Galina O'Carroll,gocarrollim@nydailynews.com,hUqZi43eSP,Sales,220-541-5612
672,Salvatore Salvadori,ssalvadoriin@vk.com,c6Ffap,Research and Development,793-482-3286
673,Em Keuntje,ekeuntjeio@istockphoto.com,cSm3LIqqVl,Marketing,182-779-3365
674,Alessandro Soloway,asolowayip@china.com.cn,RnMC2is,Human Resources,876-975-3881
675,Cynthea Anespie,canespieiq@usnews.com,0dZqRIZrQBBG,Training,648-954-5157
676,Dalli Bims,dbimsir@seattletimes.com,6gtfyoK2,Research and Development,624-141-1088
677,Celina Goulborne,cgoulborneis@wikia.com,9ACdNXI6v,Business Development,107-809-8850
678,Nappie Dank,ndankit@netlog.com,NmFolSLm,Human Resources,687-930-2242
679,Berkly Hazeldene,bhazeldeneiu@boston.com,tYx2gzkbjCT,Marketing,930-456-5393
680,Alidia Grahlman,agrahlmaniv@dailymotion.com,oeWet93Q,Training,393-986-2784
681,Nanine Etteridge,netteridgeiw@drupal.org,6EmHikHc2,Accounting,886-567-2311
682,Christabella Tench,ctenchix@google.pl,s0RSA6KHdf,Engineering,461-776-3097
683,Sanford Pelling,spellingiy@deliciousdays.com,Hfq1hd,Marketing,668-737-5107
684,Matti Chancellor,mchancelloriz@aboutads.info,EUIOT4Moaz,Engineering,903-957-4801
685,Bibby Helis,bhelisj0@businessinsider.com,GOwjFpy,Sales,885-339-2612
686,Emelda Cinderey,ecindereyj1@cam.ac.uk,EO0pUkcUoGo,Training,316-281-5955
687,Sansone Lillecrop,slillecropj2@examiner.com,3mezWkXm57,Product Management,359-488-6424
688,Chic MacGettigen,cmacgettigenj3@opensource.org,5wMAESw,Legal,676-516-1717
689,Padget Willets,pwilletsj4@free.fr,yetDAFfS,Product Management,632-434-1569
690,Sauncho Weatherhogg,sweatherhoggj5@bluehost.com,CSttwpG,Business Development,295-998-8206
691,Janot Liddon,jliddonj6@uol.com.br,bgAVeAsCu,Marketing,733-488-8448
692,Vonnie Pentony,vpentonyj7@t.co,oDBUU2,Marketing,380-979-9213
693,Cordi Carriage,ccarriagej8@sfgate.com,HCBuVUpF,Human Resources,492-181-5399
694,Diane-marie Rosendall,drosendallj9@tripadvisor.com,2lKjgrRM,Research and Development,362-313-7760
695,Marna Heggadon,mheggadonja@example.com,DXwAnW,Product Management,440-424-5871
696,Sharlene Salkeld,ssalkeldjb@gov.uk,XIlnTaLx1bHc,Accounting,162-134-1738
697,Esma Lindsay,elindsayjc@opensource.org,3upeP2AtlSx,Accounting,808-842-4057
698,Nero Dumini,nduminijd@wikipedia.org,tHLY5zbz37,Legal,992-465-8391
699,Gary Taffrey,gtaffreyje@blogspot.com,DLt8tlvzr,Services,179-219-4923
700,Bria Redpath,bredpathjf@elegantthemes.com,K3IyIbLXRJ,Human Resources,520-257-0053
701,Christy Byfield,cbyfieldjg@wsj.com,luxzhu0gD,Accounting,155-303-9710
702,Claretta Ingman,cingmanjh@mit.edu,D5D9T1yvMn,Legal,139-886-0348
703,Fitzgerald Baston,fbastonji@pagesperso-orange.fr,uxLwMt,Sales,571-933-7408
704,Hermie Quixley,hquixleyjj@cocolog-nifty.com,ewOzdoWrke,Human Resources,202-399-8769
705,Lurette Thumnel,lthumneljk@princeton.edu,Tn1LKWCH,Services,963-937-0858
706,Eldon Galliver,egalliverjl@narod.ru,xuzT1FW,Marketing,786-145-5757
707,Adela Trobey,atrobeyjm@ca.gov,KLuW0e,Training,135-366-2963
708,Lory Helliker,lhellikerjn@vkontakte.ru,I5lAlRXHO,Support,193-125-5683
709,Ricki Chilcotte,rchilcottejo@themeforest.net,4ATzlQHPI7L2,Engineering,443-471-0807
710,Rickert Holmyard,rholmyardjp@com.com,YC830FdMLa,Product Management,909-699-0854
711,Gavra Dzeniskevich,gdzeniskevichjq@com.com,veqCtTMF,Marketing,228-869-7501
712,Lissie Winspur,lwinspurjr@sakura.ne.jp,1j9MA8dsI,Engineering,415-563-9878
713,Carrissa Dorbin,cdorbinjs@com.com,2JAjcWmS8,Marketing,330-568-3607
714,Dasie Kembery,dkemberyjt@sourceforge.net,3MHtjV0k,Human Resources,518-610-8485
715,Sapphira Rubes,srubesju@cafepress.com,dQDmdr2O,Services,416-320-2351
716,Johannes Dome,jdomejv@google.pl,e5w1snwXTz,Accounting,812-950-8073
717,Liana Stockill,lstockilljw@ted.com,1osl6a,Support,351-858-9773
718,Erica Spillett,espillettjx@cargocollective.com,PsKMzAU,Legal,389-330-3582
719,Alexio Armin,aarminjy@i2i.jp,6lyaa2R,Legal,708-384-8173
720,Homer Cristoforetti,hcristoforettijz@state.tx.us,LctIxCTNox,Research and Development,417-171-3260
721,Marji Scollard,mscollardk0@last.fm,LHxpEBx,Services,374-639-5773
722,Gusty De Cruze,gdek1@tinyurl.com,Q3tnYic,Accounting,738-447-9570
723,Rick Milier,rmilierk2@spotify.com,r9UlDj,Human Resources,386-944-2532
724,Clarine Rentilll,crentilllk3@vistaprint.com,vZo7eqbl,Engineering,643-785-4193
725,Stacee Swyndley,sswyndleyk4@slate.com,JYAv5W0ytu,Marketing,324-731-1520
726,Corenda Braiden,cbraidenk5@ebay.com,Xr6PnSp3g,Human Resources,880-661-5393
727,Kean Backshill,kbackshillk6@mapquest.com,IOhfVCW,Legal,227-903-2816
728,Cori Glassard,cglassardk7@fc2.com,gg4kGxRT2z8E,Training,555-275-4219
729,Sibyl Vanner,svannerk8@yahoo.co.jp,jh7MV6O,Marketing,797-592-8203
730,Lettie Tesdale,ltesdalek9@smh.com.au,TyVLZODIupB,Engineering,358-639-9387
731,Flinn Humber,fhumberka@list-manage.com,FPP8bo1SBgo,Training,461-658-3243
732,Lind Tousy,ltousykb@utexas.edu,Na8ukr48Qu,Marketing,807-995-2162
733,Jennie Harrald,jharraldkc@livejournal.com,QQQVuBs,Training,674-501-9192
734,Alisun Verheijden,averheijdenkd@printfriendly.com,V5DbcXHFb,Marketing,364-934-9739
735,Thorin Sprackling,tspracklingke@issuu.com,HjkC8wST,Sales,823-697-8337
736,Aura Sperry,asperrykf@dropbox.com,sXaEp7zhp,Engineering,394-818-2361
737,Gerladina Shervil,gshervilkg@theatlantic.com,6E7E6J02A6r,Training,862-877-0924
738,Kinny Gregoraci,kgregoracikh@tumblr.com,uFJMYVLm,Engineering,655-656-9314
739,Luce Lambe,llambeki@reddit.com,ORMpXoPW,Product Management,791-259-5270
740,Codee Keeble,ckeeblekj@seattletimes.com,QxM2Gq2o,Accounting,342-299-4810
741,Ingrim McFall,imcfallkk@tiny.cc,TwGH1I9a,Support,756-138-4932
742,Madge Hanratty,mhanrattykl@google.pl,DP2JdH0ENVJ8,Product Management,854-330-5723
743,Martainn Stollsteimer,mstollsteimerkm@wunderground.com,KfFmRYbxvmMf,Legal,555-447-5927
744,Cally Reinbeck,creinbeckkn@sfgate.com,ynGPfhEn,Sales,216-825-2652
745,Rouvin Hubball,rhubballko@gnu.org,TG1bg96W0,Business Development,752-925-4887
746,Wendie Unsworth,wunsworthkp@intel.com,aYO6vFr575q4,Services,558-196-1830
747,Thadeus Coniff,tconiffkq@nasa.gov,qvvpMnN2LL,Marketing,306-752-2961
748,Prent McNysche,pmcnyschekr@booking.com,zUSEP6KV7rL9,Human Resources,801-480-1816
749,Dael Branca,dbrancaks@ox.ac.uk,0ha8BSohVI,Sales,115-904-8014
750,Durward Nibley,dnibleykt@tiny.cc,FyZmKpjxHye,Product Management,925-339-6832
751,Alfie Crassweller,acrasswellerku@blogger.com,dHUK06b9,Engineering,353-398-9299
752,Emeline Laviss,elavisskv@umich.edu,2wabKBm,Support,924-124-4710
753,Gilemette Gai,ggaikw@mozilla.com,LRtQsj,Engineering,852-847-9937
754,Carlye Jellard,cjellardkx@shop-pro.jp,67sAfhh,Human Resources,750-627-2021
755,Elisha Vallack,evallackky@pagesperso-orange.fr,0zeLgM3HIF,Marketing,982-202-1360
756,Florenza Lorenzo,florenzokz@t-online.de,xtJWjJK8ZA2,Services,769-409-1452
757,Muriel Mingard,mmingardl0@infoseek.co.jp,6cW9aRecV,Research and Development,875-385-8124
758,Walton Nucci,wnuccil1@businessweek.com,yXP0nf7W9g,Research and Development,798-875-3927
759,Lyndy Pickburn,lpickburnl2@digg.com,wRWt1K5Df,Research and Development,346-417-4574
760,Cassie Bloxham,cbloxhaml3@meetup.com,QlI1JPMaKU,Legal,298-728-3248
761,Jayme Glidden,jgliddenl4@1688.com,oR8ecv7x,Legal,775-305-8590
762,Roseanna Tibbetts,rtibbettsl5@ibm.com,mmS2MxRao,Sales,232-406-6923
763,Liesa Kamena,lkamenal6@mac.com,qEQnIY,Legal,974-273-8153
764,Colet Assinder,cassinderl7@themeforest.net,nFO717,Marketing,490-881-8665
765,Gelya Kleynen,gkleynenl8@state.gov,nd3cNwZ3q,Engineering,746-973-0998
766,Hamilton Surmon,hsurmonl9@shop-pro.jp,6MyGdDtOc,Legal,455-208-7579
767,Keene Northridge,knorthridgela@360.cn,dJ3q14eP,Support,379-569-8559
768,Kennett Carr,kcarrlb@wikimedia.org,NpOvobOog,Product Management,838-361-7457
769,Valene Geill,vgeilllc@si.edu,zcv7rLBlu,Business Development,902-795-5318
770,Cindelyn Doorly,cdoorlyld@123-reg.co.uk,iuQXk3ck,Support,257-379-4814
771,Binny Gilkes,bgilkesle@google.cn,NLMJgVw,Support,598-109-4311
772,Celestine Bosquet,cbosquetlf@bloglovin.com,pQtVtBl,Services,573-282-3643
773,Frasquito Northcliffe,fnorthcliffelg@baidu.com,IPYUlCqFkr,Sales,884-592-1364
774,Lauri Parsonage,lparsonagelh@feedburner.com,l6Hkmtd,Marketing,678-763-7432
775,Paulie McGorman,pmcgormanli@japanpost.jp,daoa9o9LFV,Training,490-779-8489
776,Marlyn Shovel,mshovellj@uiuc.edu,tdos9NP8s7,Services,939-371-6962
777,Tasia Elmhurst,telmhurstlk@mozilla.com,uh5Tz04ILL,Training,486-889-7059
778,Emelina Itzakson,eitzaksonll@oaic.gov.au,TFVIuNw,Research and Development,197-558-3022
779,Zahara Denyagin,zdenyaginlm@newsvine.com,4Dx6M6,Legal,779-307-9295
780,Salomone Klesse,sklesseln@yandex.ru,Gbc0QwTK,Human Resources,832-641-6228
781,Jasmin Manginot,jmanginotlo@ihg.com,EHTm649hT0,Research and Development,354-474-8710
782,Nickey Bouts,nboutslp@smh.com.au,GxXO3P8,Accounting,691-930-3800
783,Morly Atger,matgerlq@si.edu,QpuZkcy8vx8,Services,968-228-9330
784,Leopold Waulker,lwaulkerlr@clickbank.net,as8s7Lmt,Marketing,334-907-3272
785,Pieter Bagshaw,pbagshawls@engadget.com,zzKuLGp,Engineering,567-104-8010
786,Kirsten Creevy,kcreevylt@indiatimes.com,svPIE0Ic0pyN,Sales,240-652-7517
787,Sheila-kathryn Gaspero,sgasperolu@twitpic.com,rzhutiea,Services,341-209-9672
788,Bing oldey,boldeylv@ft.com,80bGcMJ010a,Services,782-412-9111
789,Jemmie Skuce,jskucelw@creativecommons.org,ExXCtfE,Research and Development,149-163-2174
790,Erny Flipek,eflipeklx@prnewswire.com,0PJs45yM,Support,250-768-7677
791,Gipsy Jepensen,gjepensenly@ocn.ne.jp,Zw1Cey,Engineering,249-536-0032
792,Celinka Kesterton,ckestertonlz@nsw.gov.au,b1o1AwW,Marketing,453-385-1757
793,Theobald France,tfrancem0@com.com,HkJeL5JNa,Services,769-439-3275
794,Loralee Lehrle,llehrlem1@acquirethisname.com,xB6JR31,Research and Development,992-867-0913
795,Mycah Pitkin,mpitkinm2@va.gov,OPGo4p5W9,Product Management,949-389-1613
796,Zarah Smyth,zsmythm3@php.net,ztPdhF2thn5w,Human Resources,156-613-2669
797,Otis Rankling,oranklingm4@pcworld.com,73QK8Laig,Marketing,940-511-7501
798,Leroi Jouanny,ljouannym5@icio.us,fSCUT7K61,Sales,210-689-1275
799,Shay Reinisch,sreinischm6@baidu.com,SKeVJAq,Services,127-788-4713
800,Annabelle Caudelier,acaudelierm7@csmonitor.com,I0pOttScV,Services,803-552-4079
801,Vickie Davenhill,vdavenhillm8@printfriendly.com,v4QeKs,Product Management,456-253-2658
802,Reena Harmes,rharmesm9@vistaprint.com,UvxrXhZ,Support,480-898-0665
803,Malina Beaby,mbeabyma@businessweek.com,zsMMLaHovD,Business Development,445-750-9788
804,Bernard Balnaves,bbalnavesmb@sogou.com,P0npKWCe9,Accounting,826-775-6668
805,Skipp Whitmore,swhitmoremc@tinyurl.com,kVaVrVQykA4J,Business Development,774-228-4077
806,Leon Roj,lrojmd@princeton.edu,p46EZCwFX1w,Human Resources,274-650-9831
807,Lynnett Kacheler,lkachelerme@chicagotribune.com,Z5NN4blZ4,Sales,283-610-4786
808,Ettie Talks,etalksmf@addtoany.com,Igx2PZTC,Training,796-279-8626
809,Kalli Jordanson,kjordansonmg@usnews.com,s2U6bi77fB,Legal,990-968-3039
810,Hyacinthie Huggen,hhuggenmh@army.mil,226ogDD,Product Management,785-274-4058
811,Ania Yegorkin,ayegorkinmi@example.com,iwtQTg8xjtX,Sales,685-182-8679
812,Rollins Menlove,rmenlovemj@biglobe.ne.jp,dJ7aX1iGjx8,Sales,813-737-0839
813,Tris McCunn,tmccunnmk@bbb.org,nGTiJU,Legal,719-318-1963
814,Willy Olwen,wolwenml@walmart.com,OMWV0K,Human Resources,562-196-9512
815,Abby Korb,akorbmm@yale.edu,SBaTeXss,Engineering,792-483-3550
816,Margaret Borg,mborgmn@mozilla.com,vfBgMqh,Engineering,842-935-9092
817,Lorain Bunn,lbunnmo@amazonaws.com,m5mZ4VS,Accounting,718-206-8602
818,Bronson Wimp,bwimpmp@oakley.com,C4zmQq5QIHY,Services,755-283-6941
819,Millie Culbard,mculbardmq@buzzfeed.com,pWjDKfh,Marketing,322-725-4032
820,Betta Towe,btowemr@gov.uk,kgidtgyLckC,Accounting,772-174-7961
821,Jerrilee Milvarnie,jmilvarniems@google.cn,BANyPqxeD,Research and Development,760-694-2815
822,Madelina Green,mgreenmt@flickr.com,gqpVay,Product Management,206-340-7016
823,Eleonore Kauble,ekaublemu@merriam-webster.com,xiAbMkYA5,Sales,527-272-7677
824,Sandy Symon,ssymonmv@skyrock.com,O2dtiw,Marketing,904-243-7058
825,Lauren Paudin,lpaudinmw@mtv.com,xnPNJ85JR,Business Development,204-691-8179
826,Shep Nesbeth,snesbethmx@spotify.com,kTKIambzkZ,Product Management,621-389-1633
827,Corrinne Walby,cwalbymy@prlog.org,QdkqPY,Sales,481-505-3428
828,Rania Spadotto,rspadottomz@studiopress.com,7m3Uqkc,Accounting,789-185-1782
829,Orlan Swidenbank,oswidenbankn0@amazon.com,Y8hlnm6WxDlK,Business Development,229-239-5192
830,Madalena Trubshaw,mtrubshawn1@harvard.edu,ZKrODFh1FF,Marketing,233-250-9331
831,Flss Gillcrist,fgillcristn2@merriam-webster.com,hc1wHRRb,Engineering,684-836-2985
832,Akim Carnell,acarnelln3@scribd.com,Zw2yCH2cRb8l,Human Resources,980-211-6435
833,Ellary Fonzo,efonzon4@ihg.com,A6pJPH,Engineering,771-620-6876
834,Barry Blencoe,bblencoen5@wisc.edu,SIN74YS2oabD,Sales,331-243-0672
835,Analise Schult,aschultn6@blinklist.com,7avQjADb,Training,345-807-4615
836,Iolanthe Van Niekerk,ivann7@discovery.com,qNZoe7,Training,624-846-3189
837,Zulema Wycherley,zwycherleyn8@sfgate.com,sQ0XyTUeMz,Business Development,291-659-6090
838,Grantham Dilgarno,gdilgarnon9@blogs.com,mAYe04Q5Qug,Human Resources,682-997-4731
839,Farah Brainsby,fbrainsbyna@people.com.cn,W8nisqclwvV,Human Resources,148-305-6522
840,Arlee Rawcliff,arawcliffnb@slate.com,aQCUX4,Sales,890-979-7404
841,Sheri Triebner,striebnernc@google.com.hk,XUxqts,Sales,950-940-0880
842,Lynnelle Jordin,ljordinnd@paginegialle.it,DDzAmeEz,Marketing,778-300-7766
843,Kendell Bayles,kbaylesne@utexas.edu,3xgGY3PWoVt,Research and Development,398-194-9384
844,Neville Bittleson,nbittlesonnf@reference.com,njWZMmDPKu,Sales,493-268-2871
845,Wood McGiff,wmcgiffng@google.ca,Thf3o5E9QQG,Marketing,514-464-0040
846,Micheil Davidovic,mdavidovicnh@over-blog.com,1rK5xt6bP3,Sales,767-166-9894
847,Sybila Sussems,ssussemsni@time.com,UYTbhc6YN,Human Resources,712-211-7318
848,Viva Ferreira,vferreiranj@craigslist.org,WCy1lZ,Engineering,735-991-4565
849,Ashley Nutley,anutleynk@usnews.com,FLMc8gnL,Training,295-672-4739
850,Darb le Keux,dlenl@mayoclinic.com,K8dytMx,Services,905-156-8436
851,Bogey Starzaker,bstarzakernm@tuttocitta.it,1Z3oB4EQMz6g,Support,694-862-7308
852,Shae Dawtrey,sdawtreynn@huffingtonpost.com,eb9j32IZ,Accounting,581-342-0811
853,Lanie Oram,loramno@pcworld.com,sNkA4U,Services,418-295-7187
854,Jori McNea,jmcneanp@t-online.de,rtFRfNtg,Legal,465-793-9427
855,Freida Sparkwell,fsparkwellnq@trellian.com,CkyLPla,Human Resources,421-197-5242
856,Cointon Warhurst,cwarhurstnr@artisteer.com,EHqeCTSBf,Engineering,612-776-0694
857,Elmo Savage,esavagens@amazonaws.com,X1KIXG4QK,Human Resources,954-618-2484
858,Bee Munton,bmuntonnt@wiley.com,MueQ0yqsW2SH,Engineering,748-408-5083
859,Debera Tabram,dtabramnu@biblegateway.com,32L4c8Y,Services,489-214-4569
860,Kara-lynn Wastie,kwastienv@cornell.edu,HbQospLK,Business Development,443-908-1973
861,Thorsten Kilmurray,tkilmurraynw@ning.com,8IDyrl504NkR,Accounting,864-876-6283
862,Robinetta Massinger,rmassingernx@youtube.com,pHYkh1xAZyco,Services,222-166-2862
863,Rutter Lampe,rlampeny@state.tx.us,xc35GcSecgqe,Services,449-600-7759
864,Gayler Moukes,gmoukesnz@weebly.com,nasH9pl,Engineering,597-921-1020
865,Elnora Breem,ebreemo0@woothemes.com,y4J5jXJeq,Sales,719-931-6679
866,Judie Sirette,jsiretteo1@freewebs.com,vKX9RZ0XUtQ,Support,396-585-4574
867,Ragnar Casswell,rcasswello2@samsung.com,QMTFWG76,Human Resources,896-356-9218
868,Ignazio Bridson,ibridsono3@friendfeed.com,uuFWmee,Accounting,560-729-5532
869,Gael Bucher,gbuchero4@wordpress.com,U65hTz,Product Management,617-412-3489
870,Dwayne Somerscales,dsomerscaleso5@vkontakte.ru,h35Qh9zdA,Support,431-444-5709
871,Justen Sallan,jsallano6@tuttocitta.it,i8ZbOMR,Engineering,644-693-2188
872,Rosalynd Haddington,rhaddingtono7@wikia.com,AjYPNZt5,Human Resources,271-839-2795
873,Edy Laughtisse,elaughtisseo8@reuters.com,HfvQE4hW,Support,438-275-4754
874,Nana Golsworthy,ngolsworthyo9@lulu.com,bGsyPH9IOCw,Human Resources,965-117-9424
875,Mella Aurelius,maureliusoa@geocities.com,6BB1xOewnyS,Services,264-101-9069
876,Jerrie Rantoul,jrantoulob@census.gov,dhvxcKwtyOc,Engineering,352-551-2923
877,Maximilien Lecointe,mlecointeoc@shutterfly.com,IIDnyKK6pHc,Product Management,498-779-6992
878,Agatha Arrighi,aarrighiod@pagesperso-orange.fr,VWrXJhX7O,Legal,775-861-2871
879,Obie Kirton,okirtonoe@amazon.com,B37JP5,Legal,947-503-5093
880,Kordula Hammett,khammettof@ning.com,3ZlKupf,Engineering,827-969-0497
881,Miltie Gavozzi,mgavozziog@yandex.ru,1R4gVABzm6L0,Legal,932-801-9405
882,Marty Legendre,mlegendreoh@sakura.ne.jp,8HgwOnj8I,Marketing,483-713-1367
883,Vincents D'Alwis,vdalwisoi@arstechnica.com,BlmrE4,Engineering,260-241-7131
884,Den Eglise,degliseoj@fastcompany.com,NL2xWzjG1Acj,Research and Development,157-561-9368
885,Connie Ravenscroft,cravenscroftok@home.pl,alurihUvSDB,Engineering,175-419-6631
886,Raina Heskin,rheskinol@cornell.edu,KneTtU2Jcv,Accounting,930-880-0484
887,Tobey Seawell,tseawellom@wp.com,unObkR8,Services,560-650-5342
888,Tomas Bothams,tbothamson@epa.gov,VLNVfglOhTyW,Legal,818-457-5800
889,Abdel Balshen,abalshenoo@miibeian.gov.cn,lNTa10xF,Training,966-872-0286
890,Edlin Wagge,ewaggeop@bbb.org,ddRiYd95q,Support,255-501-4418
891,Minni Matzen,mmatzenoq@mapy.cz,CnnfpIu,Accounting,415-423-7002
892,Charmain Toffanelli,ctoffanellior@europa.eu,vHwuZqKylNUw,Accounting,496-783-7457
893,Sarge Frawley,sfrawleyos@dion.ne.jp,ouKmrEJmlqS0,Support,493-850-7546
894,Gwenore Gueny,gguenyot@joomla.org,KJLN2omI4g,Legal,131-546-7995
895,Channa Matsell,cmatsellou@buzzfeed.com,jWGoyJe3so3b,Research and Development,913-874-1212
896,Nomi Gwyneth,ngwynethov@weather.com,oviSyd,Engineering,173-956-4136
897,Morganica Giovanardi,mgiovanardiow@apple.com,TbTFX0tDTQ,Product Management,884-756-2956
898,Silvio Heak,sheakox@cocolog-nifty.com,lTIl5IzhaQq,Human Resources,937-485-9909
899,Jareb Harrild,jharrildoy@vistaprint.com,MENBVXj6m,Legal,173-353-6247
900,Francesca Knudsen,fknudsenoz@usnews.com,XNMu0GAp3sCS,Research and Development,176-912-6866
901,Nichole Comizzoli,ncomizzolip0@woothemes.com,ADH2BlR7xrd4,Accounting,949-300-7904
902,Xerxes Server,xserverp1@macromedia.com,z7rd4K,Sales,770-555-6400
903,Phaedra Ganniclifft,pganniclifftp2@columbia.edu,4QAHWm0z7QG,Research and Development,612-341-3970
904,Alison Hysom,ahysomp3@yolasite.com,UjDWsuBhp,Marketing,536-492-8600
905,Sileas Hart,shartp4@sciencedaily.com,eXH1IXzikIv,Sales,419-395-5373
906,Shurwood Moysey,smoyseyp5@quantcast.com,kVRPy64IKK,Product Management,837-136-0060
907,Sharlene Eayrs,seayrsp6@ucsd.edu,sR0Vk3DNXvB,Business Development,298-796-7217
908,Jarret Nary,jnaryp7@nasa.gov,801VIsH,Product Management,913-695-5756
909,Barbaraanne Monery,bmoneryp8@google.com.hk,vCQi1i6fY,Legal,410-285-0724
910,Maegan Gribbin,mgribbinp9@ask.com,2Q6sMch,Business Development,120-557-6689
911,Maxwell Simond,msimondpa@princeton.edu,FfqdXZDaoMxj,Human Resources,639-848-5178
912,Seward Stedall,sstedallpb@ask.com,lHenU2lExA,Product Management,419-743-8332
913,Marnia Mirfin,mmirfinpc@topsy.com,FBGDUNbMHHs,Services,556-332-8334
914,Mala Moorcraft,mmoorcraftpd@dedecms.com,uoFTnUihYfS,Product Management,573-773-3417
915,Margalit Brose,mbrosepe@wunderground.com,HZXyst2IEK,Business Development,496-265-1720
916,Ellis Havik,ehavikpf@dmoz.org,Xnsroov,Sales,321-716-9217
917,Gretal Vedmore,gvedmorepg@mediafire.com,qtDRHt8IArP,Business Development,505-712-3371
918,Barth Hucke,bhuckeph@narod.ru,GED3rnoqp,Legal,253-850-5588
919,Annabela Chettle,achettlepi@merriam-webster.com,q9TGYsxcRBZ,Support,452-841-7854
920,Britni Parriss,bparrisspj@tinypic.com,ULDCTJ,Engineering,649-301-5291
921,Paton McCritchie,pmccritchiepk@biblegateway.com,zFD89n8ByX,Accounting,494-808-1408
922,Isis Bellerby,ibellerbypl@123-reg.co.uk,JsQQkTwXJZoB,Marketing,169-677-1558
923,Johnette Twittey,jtwitteypm@intel.com,4mOik0,Business Development,786-737-3223
924,Twyla Whitehorne,twhitehornepn@qq.com,R8bKEQ,Support,363-303-6502
925,Thoma Luety,tluetypo@slideshare.net,AQ32f3,Support,189-329-2851
926,Tuck Glentworth,tglentworthpp@cmu.edu,GHjGmgnOFgc,Services,408-228-9793
927,Shaylynn Shambrook,sshambrookpq@shutterfly.com,LVxcEA7o,Legal,892-146-6274
928,Joel Hindsberg,jhindsbergpr@mozilla.org,OEkwG24eZ,Services,960-592-0118
929,Georgine Going,ggoingps@comsenz.com,EQF9qjpjyGof,Research and Development,458-557-5022
930,Jacynth Over,joverpt@va.gov,zRgbYBAX,Services,230-461-9645
931,Elwin Klicher,eklicherpu@un.org,0dR6eI4c9pe,Human Resources,900-433-6815
932,Arnie Avard,aavardpv@dmoz.org,RFN3yO3,Accounting,776-717-3972
933,Quincey Baert,qbaertpw@gizmodo.com,Pdg6iz740E,Training,964-836-9266
934,Fernandina Comins,fcominspx@ycombinator.com,ZSRYOsaDyG,Human Resources,128-822-4437
935,Lise Farryann,lfarryannpy@imageshack.us,CpCXBgiX12Fe,Engineering,689-854-1484
936,Alverta Fawley,afawleypz@wsj.com,vd09wUh12J,Engineering,700-129-8051
937,Grady Splevins,gsplevinsq0@netlog.com,EYDf3J,Accounting,266-897-9720
938,Francis Klampt,fklamptq1@wisc.edu,E3bpp0,Human Resources,623-955-4684
939,Ferdinanda Deam,fdeamq2@prnewswire.com,5n5wcCJB6Kw,Accounting,119-844-5700
940,Zahara Lincey,zlinceyq3@yellowbook.com,Ldkn5wUo6,Research and Development,691-192-3322
941,Marlo Mannooch,mmannoochq4@newyorker.com,CltAhnsZ,Legal,865-298-7310
942,Emiline Haw,ehawq5@jimdo.com,OYTzl5CvO,Engineering,761-622-4992
943,Carce Atkinson,catkinsonq6@cargocollective.com,6Vo5ml,Marketing,725-241-7242
944,Nalani Dulake,ndulakeq7@google.co.jp,s1AH89JU80p,Sales,673-213-3362
945,Sigmund Porcher,sporcherq8@biglobe.ne.jp,n57bdOdYqVH,Research and Development,832-812-1409
946,Harriett Joy,hjoyq9@ftc.gov,7TymJBv,Human Resources,252-215-7122
947,Cyndie McLeish,cmcleishqa@usda.gov,ry8r588r,Accounting,908-252-9667
948,Carlene Snelman,csnelmanqb@usgs.gov,6y9HXZkd,Human Resources,336-646-1350
949,Kat Shovlar,kshovlarqc@godaddy.com,fR8Sh3Zs,Business Development,267-542-8388
950,Lyndell Roubeix,lroubeixqd@digg.com,WVMOLChs2xTe,Product Management,454-962-9291
951,Sara-ann Yarnley,syarnleyqe@taobao.com,rjlktRobf,Product Management,780-843-5712
952,Pru Kiloh,pkilohqf@sbwire.com,gUvQNMVK6QMb,Marketing,503-526-6346
953,Mariel Verlander,mverlanderqg@homestead.com,y1ZOM3X,Marketing,915-950-3810
954,Giovanna Yurmanovev,gyurmanovevqh@cpanel.net,JOOq1rBQJNA,Business Development,380-433-9867
955,Allan Reoch,areochqi@ebay.com,2mdCEC0W,Training,898-971-4184
956,Ekaterina Pilkinton,epilkintonqj@wordpress.org,OdVir8eJbgG,Engineering,628-187-0653
957,Mariel Lofthouse,mlofthouseqk@ucsd.edu,Dm8pYK7OwPWP,Marketing,432-705-6574
958,Padraig Nadin,pnadinql@comsenz.com,l7rSUhfh,Business Development,987-379-1198
959,Denny Rye,dryeqm@360.cn,dBhXrY15VX,Business Development,640-548-0613
960,Babbie Greenmon,bgreenmonqn@mozilla.com,YvzSMYvgzy,Human Resources,902-793-3755
961,Colin Acors,cacorsqo@nytimes.com,xzQvzw,Research and Development,927-188-2420
962,Lars Bouldon,lbouldonqp@icq.com,gLz4L84w,Training,578-654-0611
963,Lynn Hosier,lhosierqq@sun.com,vSCYx6X2rAn,Product Management,530-672-4371
964,Malcolm Lovejoy,mlovejoyqr@slate.com,sPR4Fc,Training,498-655-4245
965,Nike Isakovitch,nisakovitchqs@example.com,JVsUSjhx,Accounting,212-651-7777
966,Nadeen Moysey,nmoyseyqt@csmonitor.com,LF9l68CzAuw,Accounting,451-409-2204
967,Risa Maylam,rmaylamqu@china.com.cn,GOPifp,Marketing,173-644-3888
968,Jandy Durkin,jdurkinqv@canalblog.com,7fffSgKbPj5,Marketing,971-651-8884
969,Abbey Pietz,apietzqw@wikimedia.org,bukVYhHKh8,Marketing,598-233-7077
970,Ban Conws,bconwsqx@gravatar.com,2csztMoc8aMd,Business Development,538-696-2915
971,Gertie Dautry,gdautryqy@howstuffworks.com,49GdCdD5f4nI,Engineering,706-116-2595
972,Tessa Deinhardt,tdeinhardtqz@boston.com,53twEzP,Engineering,991-516-4339
973,Salomi Doust,sdoustr0@themeforest.net,5IwLWL5If,Human Resources,929-765-3250
974,Geri Gaywood,ggaywoodr1@joomla.org,fdFFLgfuF,Legal,815-138-9304
975,Beverley Bygrove,bbygrover2@hatena.ne.jp,vp2KIvs1HN,Training,517-651-0540
976,Coretta Oxberry,coxberryr3@chron.com,oJFHzg1,Business Development,156-646-1652
977,Alano Turk,aturkr4@bigcartel.com,oCFg2I5J,Training,638-782-2672
978,Dael Cornewall,dcornewallr5@deviantart.com,rcUvFHzxL,Services,121-567-2577
979,Sheppard Veck,sveckr6@goo.gl,BIuzk4Zbb,Human Resources,757-316-0876
980,Moselle Grassett,mgrassettr7@shinystat.com,ZZCMUKX2dmi7,Product Management,515-371-8674
981,Blair Cherrett,bcherrettr8@bravesites.com,ftpRd5n00K,Accounting,920-949-2281
982,Ailyn Danev,adanevr9@amazon.co.jp,kzLTGtYW6,Training,315-736-4708
983,Clarabelle Hands,chandsra@pbs.org,2m6VxUi8ng,Legal,490-577-1102
984,Rhodie Le Friec,rlerb@purevolume.com,64x2MJZ6Z,Research and Development,701-412-4194
985,Currie Mayou,cmayourc@networksolutions.com,6UwyO4i,Engineering,295-911-3381
986,Daisy Mowett,dmowettrd@usnews.com,4aEfrueF,Engineering,372-383-6244
987,Delilah Nattriss,dnattrissre@facebook.com,nsHsHmY9,Accounting,780-433-7879
988,Archibaldo Basilio,abasiliorf@barnesandnoble.com,KZegdXq,Services,923-199-5132
989,Walsh O'Hone,wohonerg@mediafire.com,S4J4seBE,Services,146-734-0947
990,Deni Andryunin,dandryuninrh@dot.gov,iXkHg7rgRPe,Research and Development,833-387-8380
991,Winny Morsom,wmorsomri@ow.ly,hfDrdqZqi,Training,171-502-2949
992,Hale Semaine,hsemainerj@weather.com,SIOujTV,Product Management,688-228-5412
993,Arlee Hilldrup,ahilldruprk@mozilla.org,XicrVqj8v6cs,Legal,183-259-0762
994,Giorgia Baiyle,gbaiylerl@networkadvertising.org,dfdrPChyen4x,Sales,493-582-7725
995,Earlie Handmore,ehandmorerm@vkontakte.ru,mXTc9nY,Business Development,968-995-2230
996,Perrine Shropshire,pshropshirern@usatoday.com,Stqb8hqeH4,Research and Development,397-132-6757
997,Sonia Bradnum,sbradnumro@techcrunch.com,p2S3I6,Product Management,139-827-7185
998,Mile Jennions,mjennionsrp@ifeng.com,gmdKlIxb,Human Resources,768-964-3424
999,Saba Stacey,sstaceyrq@cnn.com,nfcyjTv6,Engineering,652-293-4463
1000,Kirby Nesby,knesbyrr@hud.gov,mYlg6c,Services,365-579-5389
