id,first_name,last_name,email,phone,salary,department
1,Grazia,Denmead,gdenmead0@slate.com,4527556234,90361,Research and Development
2,Marthe,O'Kieran,mokieran1@cmu.edu,7502873094,73263,Product Management
3,Ginny,Brewin,gbrewin2@gov.uk,2573742883,86840,Services
4,Dav,Walsham,dwalsham3@cnbc.com,9421588253,54244,Support
5,Cordie,Castro,ccastro4@un.org,5986656397,88635,Product Management
6,Dell,Coonihan,dcoonihan5@deviantart.com,1434101744,78372,Accounting
7,Gleda,Shernock,gshernock6@google.es,8631473335,81002,Marketing
8,Antony,Allpress,aallpress7@tmall.com,8892829913,42311,Human Resources
9,Alaster,Hacon,ahacon8@wix.com,9987906050,39345,Marketing
10,Cele,Guinery,cguinery9@slideshare.net,5303122429,91581,Product Management
11,Danita,Farrans,dfarransa@dell.com,5304629407,74424,Product Management
12,Gaven,Ilyas,gilyasb@taobao.com,7613242213,94712,Services
13,Juan,DeSousa,jdesousac@bizjournals.com,3713022509,84486,Product Management
14,Linnell,Abdy,labdyd@bloomberg.com,5097035088,96201,Marketing
15,Johnathon,Palmer,jpalmere@cloudflare.com,7028653771,89107,Product Management
16,Dimitry,Mohammad,dmohammadf@nps.gov,3739842311,54301,Training
17,Emylee,Harnwell,eharnwellg@naver.com,7147475380,78569,Sales
18,Brand,Greyes,bgreyesh@naver.com,4128628477,61799,Business Development
19,Malena,Medgewick,mmedgewicki@adobe.com,7407284757,56680,Legal
20,Suzette,Ouslem,souslemj@tripod.com,2386042339,52057,Engineering
21,Tripp,Coventon,tcoventonk@desdev.cn,1896356609,67432,Training
22,Katleen,Fidian,kfidianl@liveinternet.ru,2718995026,77596,Marketing
23,Cris,Fley,cfleym@live.com,7964164764,79170,Legal
24,Rozelle,Annett,rannettn@moonfruit.com,6601331443,39855,Training
25,Haven,Buscombe,hbuscombeo@purevolume.com,8122178191,36718,Product Management
26,Guinevere,Hasson,ghassonp@topsy.com,5029331042,42008,Support
27,Duane,Jedrzejewski,djedrzejewskiq@comcast.net,6477218816,64052,Accounting
28,Neely,Stores,nstoresr@uol.com.br,5243712431,42000,Legal
29,Marjy,Frigot,mfrigots@biglobe.ne.jp,9239916625,53440,Engineering
30,Tedi,Danko,tdankot@wordpress.org,3063726860,35769,Accounting
31,Chrissy,Aguirre,caguirreu@reference.com,8391551081,86965,Engineering
32,Tate,Hotson,thotsonv@disqus.com,2392468331,51212,Sales
33,Steffen,Gipps,sgippsw@chron.com,1417832496,74689,Research and Development
34,Abigael,Quadling,aquadlingx@cafepress.com,6532790369,67968,Accounting
35,Cyndia,O'Concannon,coconcannony@sohu.com,5754663144,82008,Accounting
36,Bayard,Colebrook,bcolebrookz@wordpress.org,6508759852,71428,Engineering
37,Suzie,Savin,ssavin10@wsj.com,7079528822,49085,Support
38,Englebert,Garford,egarford11@wiley.com,7273153671,85356,Business Development
39,Hurley,Boch,hboch12@chronoengine.com,8503138311,76606,Engineering
40,Munmro,Yantsurev,myantsurev13@cocolog-nifty.com,9186391007,72480,Services
41,Bab,Grelik,bgrelik14@slate.com,6751979790,48943,Sales
42,Dot,Levinge,dlevinge15@kickstarter.com,3222367399,59091,Business Development
43,Samantha,Trime,strime16@microsoft.com,6208686025,72112,Product Management
44,Leon,Mullen,lmullen17@dyndns.org,8038193063,55088,Services
45,Park,Longega,plongega18@cbsnews.com,3366860459,93652,Accounting
46,Tedi,Meads,tmeads19@seattletimes.com,9121846168,88415,Support
47,Janelle,Shemmin,jshemmin1a@cafepress.com,2233755844,49053,Product Management
48,Maddie,de Courcey,mdecourcey1b@ning.com,4956621857,72439,Business Development
49,Berk,Lesley,blesley1c@engadget.com,3683381721,55187,Engineering
50,Horatius,Abramow,habramow1d@wsj.com,1873381049,46171,Support
51,Elysha,Pallent,epallent1e@cyberchimps.com,9793270362,88430,Engineering
52,Giana,Hessel,ghessel1f@businessinsider.com,5245575260,85441,Support
53,Sanson,Pettis,spettis1g@istockphoto.com,8862543161,98353,Services
54,Pablo,Ilyenko,pilyenko1h@shinystat.com,6701053027,63860,Business Development
55,Mary,Pettegre,mpettegre1i@ezinearticles.com,4914308684,69984,Services
56,Eustacia,Boobier,eboobier1j@hexun.com,6462588634,53831,Research and Development
57,Lyndsay,Cumine,lcumine1k@google.nl,6771262993,97056,Human Resources
58,Cherlyn,Bahlmann,cbahlmann1l@blogs.com,9082255990,45686,Human Resources
59,Karlee,Coche,kcoche1m@youtu.be,8703489743,85597,Sales
60,Ave,Lindbergh,alindbergh1n@51.la,3074798721,44851,Legal
61,Kim,Stratten,kstratten1o@telegraph.co.uk,3523997390,35981,Human Resources
62,Irving,Kingsbury,ikingsbury1p@over-blog.com,6373802006,42940,Legal
63,Astra,Sheehy,asheehy1q@bbb.org,7649989422,46509,Engineering
64,Kathrine,Livett,klivett1r@macromedia.com,2291525852,81830,Engineering
65,Sheri,Cheake,scheake1s@posterous.com,1142289686,53843,Legal
66,Seline,Lestor,slestor1t@opera.com,9868345830,44960,Research and Development
67,Ardine,Kilgannon,akilgannon1u@domainmarket.com,5745689074,79495,Human Resources
68,Waneta,Regler,wregler1v@moonfruit.com,7994577536,72515,Business Development
69,Rip,Kinningley,rkinningley1w@github.com,3795382256,46942,Services
70,Jeanine,Van Daalen,jvandaalen1x@digg.com,6735886005,46316,Business Development
71,Goraud,Tuckie,gtuckie1y@netlog.com,9134717025,52973,Business Development
72,Albertina,Mulkerrins,amulkerrins1z@w3.org,5596383841,86401,Services
73,Henri,Lindup,hlindup20@ameblo.jp,9131717505,76703,Marketing
74,Roselle,Mafham,rmafham21@taobao.com,9035837965,88523,Engineering
75,Kata,Farmiloe,kfarmiloe22@edublogs.org,1918059952,76784,Engineering
76,Wyatan,Brodest,wbrodest23@ocn.ne.jp,3673493667,59894,Support
77,Zaccaria,Gatward,zgatward24@alexa.com,4225804768,57337,Business Development
78,Stafford,Siege,ssiege25@shinystat.com,8358056967,48867,Services
79,Eustacia,Salkild,esalkild26@zimbio.com,2448973887,71034,Legal
80,Luke,Spuffard,lspuffard27@marriott.com,5343240668,46368,Legal
81,Beryle,Falloon,bfalloon28@wordpress.com,1835296911,60997,Research and Development
82,Claire,Ingree,cingree29@youtube.com,1992851286,56873,Accounting
83,Keary,Fullalove,kfullalove2a@reverbnation.com,8889155212,75182,Support
84,Dewain,Rennix,drennix2b@oakley.com,4146956111,75743,Sales
85,Selena,Eite,seite2c@goo.ne.jp,2836838867,90039,Support
86,Taffy,Blandamere,tblandamere2d@odnoklassniki.ru,6153073920,81686,Research and Development
87,Tierney,Bonsey,tbonsey2e@people.com.cn,6142517367,67956,Business Development
88,Sigfrid,Bullant,sbullant2f@smh.com.au,1886951996,88445,Sales
89,Catlaina,Darlington,cdarlington2g@biglobe.ne.jp,6393885258,38573,Product Management
90,Peder,Schwand,pschwand2h@slideshare.net,4129720552,54459,Accounting
91,Ophelie,Dalli,odalli2i@fastcompany.com,7826275733,87107,Support
92,Zaccaria,Grimsditch,zgrimsditch2j@pen.io,9287379289,98963,Services
93,Bria,Axten,baxten2k@mlb.com,1149917472,43104,Legal
94,Sile,Moodycliffe,smoodycliffe2l@pbs.org,4051965839,88456,Support
95,Melita,Mannock,mmannock2m@dagondesign.com,8608630903,84922,Services
96,Dorie,Pinsent,dpinsent2n@arstechnica.com,4586392034,71449,Product Management
97,Zelma,Pellew,zpellew2o@rakuten.co.jp,3911241544,87118,Training
98,Bernardina,Brian,bbrian2p@cam.ac.uk,1547773058,54576,Services
99,Frederich,Rowen,frowen2q@blogspot.com,3583096727,70437,Marketing
100,Debbi,Pickring,dpickring2r@columbia.edu,3845125968,82689,Sales
101,Roby,Paliser,rpaliser2s@umich.edu,4072651321,67966,Accounting
102,Ezmeralda,Gannon,egannon2t@noaa.gov,6921854659,54888,Product Management
103,Cob,Maginn,cmaginn2u@flavors.me,8482190294,47326,Services
104,Selig,Castagne,scastagne2v@fastcompany.com,5531031605,84926,Services
105,Lena,Marzelo,lmarzelo2w@harvard.edu,8536059495,88163,Human Resources
106,Waite,Carah,wcarah2x@yandex.ru,1343683413,51387,Business Development
107,Barbette,Antognelli,bantognelli2y@upenn.edu,7325550771,59913,Research and Development
108,Vivien,Skelcher,vskelcher2z@wp.com,4048269024,37986,Research and Development
109,Brade,Hoolaghan,bhoolaghan30@blogspot.com,7546326754,60885,Business Development
110,Bronny,Maddin,bmaddin31@360.cn,9936487843,39781,Accounting
111,Willetta,Janicijevic,wjanicijevic32@utexas.edu,9386736883,64372,Sales
112,Abbott,Biesinger,abiesinger33@prnewswire.com,1627321805,79908,Business Development
113,Alberta,Crone,acrone34@sohu.com,7057568150,56571,Engineering
114,Dominga,Gloster,dgloster35@networkadvertising.org,5971315179,93747,Training
115,Torin,Mityushkin,tmityushkin36@myspace.com,6347656521,53147,Training
116,Ced,Maddinon,cmaddinon37@yahoo.com,7638147491,93012,Product Management
117,Terri-jo,Stoven,tstoven38@amazon.co.jp,1553004815,89009,Product Management
118,Agnes,Simmons,asimmons39@newyorker.com,2291074816,63168,Product Management
119,Darius,Chettle,dchettle3a@toplist.cz,1071288876,75102,Human Resources
120,Nickola,Kitchenham,nkitchenham3b@dot.gov,2903245444,62897,Training
121,Niels,Golden of Ireland,ngoldenofireland3c@posterous.com,2009707829,85520,Training
122,Lorette,Joy,ljoy3d@webmd.com,2918334249,39743,Research and Development
123,Luelle,Chetham,lchetham3e@sciencedaily.com,5589430652,75639,Legal
124,Barbra,Matijevic,bmatijevic3f@microsoft.com,5582360534,76023,Training
125,Cletis,Marklow,cmarklow3g@youtube.com,4919257471,46294,Human Resources
126,Clarke,Scaddon,cscaddon3h@comcast.net,6173296963,52275,Product Management
127,Efrem,Lorkins,elorkins3i@360.cn,8161526767,77807,Support
128,Caria,Bedin,cbedin3j@1688.com,9748993652,40308,Support
129,Thomasa,Pilgram,tpilgram3k@goo.ne.jp,4405145182,50734,Research and Development
130,Hastie,Iacopo,hiacopo3l@msn.com,5096141855,98359,Accounting
131,Scarface,Doutch,sdoutch3m@boston.com,6765449060,38270,Sales
132,Leontyne,Fibbens,lfibbens3n@sciencedaily.com,8167475931,91215,Product Management
133,Morgen,Moscrop,mmoscrop3o@behance.net,1574671109,63909,Services
134,Kellby,Clotworthy,kclotworthy3p@utexas.edu,3943571053,35353,Research and Development
135,Maddalena,Anmore,manmore3q@omniture.com,8191766531,43367,Product Management
136,Jennine,Richardsson,jrichardsson3r@time.com,8855699644,50512,Legal
137,Anitra,Weeke,aweeke3s@ycombinator.com,9671333283,47142,Accounting
138,Inigo,Espinel,iespinel3t@gov.uk,3595768433,96912,Business Development
139,Rolando,Fergie,rfergie3u@va.gov,8799097461,92997,Business Development
140,Austen,Thebes,athebes3v@instagram.com,6917732696,48233,Marketing
141,Kassandra,Scarce,kscarce3w@earthlink.net,6676394141,92905,Human Resources
142,Chick,Richards,crichards3x@cbsnews.com,8565807687,66318,Training
143,Maighdiln,Saddleton,msaddleton3y@so-net.ne.jp,1275994244,43246,Sales
144,Agata,Challen,achallen3z@people.com.cn,1954365385,50737,Engineering
145,Fulton,Burdytt,fburdytt40@cdbaby.com,7475187066,68684,Services
146,Geralda,Kull,gkull41@ehow.com,3799268715,85042,Marketing
147,Adolphe,Whitticks,awhitticks42@tamu.edu,3315633539,64821,Human Resources
148,Pierre,Schiesterl,pschiesterl43@pinterest.com,1812358392,74500,Marketing
149,Merwin,Brazener,mbrazener44@microsoft.com,3125330586,56375,Support
150,Wylma,Wychard,wwychard45@businessinsider.com,3901457264,36967,Marketing
151,Lefty,Merrigans,lmerrigans46@earthlink.net,2749935978,79517,Sales
152,Tobias,Ferraraccio,tferraraccio47@ibm.com,8289423347,43586,Training
153,Burr,Twigge,btwigge48@sitemeter.com,3228454612,57197,Research and Development
154,Carolina,Buie,cbuie49@tripadvisor.com,6037003893,41595,Engineering
155,Ernesto,Triplet,etriplet4a@cam.ac.uk,8902110246,83855,Support
156,Dottie,Blomfield,dblomfield4b@trellian.com,8282705240,98739,Marketing
157,Haleigh,Bissell,hbissell4c@google.cn,1053766434,96392,Accounting
158,Piotr,Elfleet,pelfleet4d@nifty.com,8744759069,35942,Sales
159,Berk,Silveston,bsilveston4e@noaa.gov,2063126569,47526,Business Development
160,Jake,McCart,jmccart4f@geocities.jp,6897427070,93474,Accounting
161,Jeff,Lidgertwood,jlidgertwood4g@lulu.com,7646451453,62148,Services
162,Harmonie,Dumper,hdumper4h@seattletimes.com,2408932145,40349,Legal
163,Arnoldo,Seaborn,aseaborn4i@photobucket.com,3537928715,98910,Engineering
164,Celina,Nelissen,cnelissen4j@blogspot.com,2649429093,46817,Marketing
165,Bertha,Edmonston,bedmonston4k@who.int,3613221130,95920,Accounting
166,Cathee,Shaddick,cshaddick4l@trellian.com,5687801123,41100,Services
167,Veronique,Munn,vmunn4m@state.gov,6717271856,35187,Training
168,Batholomew,Pagel,bpagel4n@fda.gov,6946441147,39564,Accounting
169,Maximo,Willstrop,mwillstrop4o@behance.net,3992600012,58990,Human Resources
170,Charlotte,Sturgeon,csturgeon4p@spiegel.de,9865646735,36745,Research and Development
171,Bianca,Hryncewicz,bhryncewicz4q@google.ca,6727531851,66877,Business Development
172,Birk,Abrehart,babrehart4r@live.com,6131246110,49202,Sales
173,Ariel,Ratledge,aratledge4s@shareasale.com,7926111459,41491,Services
174,Douglass,O'Riordan,doriordan4t@seesaa.net,8823132919,90424,Accounting
175,Jacquelyn,Lovett,jlovett4u@comcast.net,1498273842,37409,Support
176,Corny,Kenwood,ckenwood4v@howstuffworks.com,9896417824,60599,Research and Development
177,Olga,Beale,obeale4w@360.cn,4833450579,41750,Marketing
178,Christoforo,Wong,cwong4x@photobucket.com,9451471179,41686,Legal
179,Laurel,Jeannon,ljeannon4y@nps.gov,6394625978,78456,Product Management
180,Lyndy,Mayzes,lmayzes4z@netvibes.com,5999716060,71632,Human Resources
181,Milicent,Neil,mneil50@youtu.be,3282748435,43907,Human Resources
182,Orly,Sterley,osterley51@behance.net,1881977221,55567,Engineering
183,Steve,Lacase,slacase52@soundcloud.com,1007419759,83902,Human Resources
184,Gianina,Rabidge,grabidge53@cmu.edu,6482199606,87326,Human Resources
185,Madelon,Hould,mhould54@addthis.com,3091529605,77806,Training
186,Ernaline,Kruschev,ekruschev55@google.com,5699844340,48406,Research and Development
187,Marilin,Castellet,mcastellet56@dailymail.co.uk,7934419320,40274,Human Resources
188,Granthem,Gueste,ggueste57@twitter.com,6194931232,80274,Accounting
189,Cynthie,Lackmann,clackmann58@biblegateway.com,9734226984,52528,Product Management
190,Allx,Conachie,aconachie59@seattletimes.com,7568871210,38811,Business Development
191,Arlen,Casin,acasin5a@posterous.com,6157826527,74006,Business Development
192,Rockwell,Tweed,rtweed5b@imgur.com,7505984543,60255,Training
193,Tabor,Lindeboom,tlindeboom5c@fotki.com,3098357835,65796,Engineering
194,Joelle,de Wilde,jdewilde5d@mozilla.com,6299615815,57260,Human Resources
195,Edithe,Sartain,esartain5e@fastcompany.com,6915161889,46428,Support
196,Keelia,Antoney,kantoney5f@utexas.edu,7357660788,86669,Engineering
197,Malvin,Woollard,mwoollard5g@hubpages.com,5218698993,40732,Business Development
198,Karil,Eatherton,keatherton5h@discuz.net,7649827795,95021,Training
199,Trefor,Szymanowicz,tszymanowicz5i@mapy.cz,6706729589,42583,Services
200,Marilyn,Lissandri,mlissandri5j@instagram.com,8028469884,75920,Business Development
201,Jacqui,Jelphs,jjelphs5k@cocolog-nifty.com,1494921393,73084,Support
202,Darcy,Etoile,detoile5l@blogs.com,1401665194,80122,Product Management
203,Tobey,Burbage,tburbage5m@webnode.com,8147882092,79622,Product Management
204,Brier,Cluney,bcluney5n@xing.com,3309769962,38582,Services
205,Francisca,Burris,fburris5o@hp.com,9942090556,63722,Training
206,Bibi,Woodhams,bwoodhams5p@vkontakte.ru,9218219863,35684,Business Development
207,Fitzgerald,Jeckell,fjeckell5q@who.int,7453034342,80045,Accounting
208,Josephina,Parkes,jparkes5r@jimdo.com,4749268405,67983,Research and Development
209,Kylie,Coppenhall,kcoppenhall5s@wp.com,2383050478,67328,Business Development
210,Glynn,Benstead,gbenstead5t@epa.gov,6415702842,44156,Engineering
211,Isac,Steere,isteere5u@cmu.edu,6884158477,43927,Legal
212,Ignace,Lonnon,ilonnon5v@163.com,9234310425,81454,Accounting
213,Jerald,Gong,jgong5w@example.com,1102971231,98181,Training
214,Elmer,Dearness,edearness5x@businesswire.com,1232759382,98025,Training
215,Bella,Slidders,bslidders5y@comcast.net,9696949086,54520,Product Management
216,Emilia,Wishart,ewishart5z@ebay.co.uk,8281230804,58149,Training
217,Maudie,Cohen,mcohen60@netvibes.com,6934769175,40987,Services
218,Egon,Grayson,egrayson61@about.me,9262041532,60060,Engineering
219,Cy,Plews,cplews62@squarespace.com,8336964426,78974,Support
220,Brita,Ickovic,bickovic63@oakley.com,5128639390,75817,Sales
221,Jasen,Brisson,jbrisson64@example.com,3955628895,66845,Training
222,Sonnie,Juszczyk,sjuszczyk65@barnesandnoble.com,9566878958,82766,Legal
223,Osbert,Wellesley,owellesley66@vkontakte.ru,5385442622,59719,Human Resources
224,Liv,Nice,lnice67@jugem.jp,3698291066,92753,Marketing
225,Ahmed,Kollatsch,akollatsch68@slideshare.net,6592642081,56952,Research and Development
226,Jules,Ramelot,jramelot69@google.com.br,7329338679,93725,Support
227,Ferrel,Crowche,fcrowche6a@tiny.cc,1193004654,67301,Marketing
228,Desmund,Iannitti,diannitti6b@wikipedia.org,8799868022,91901,Legal
229,Redd,Thombleson,rthombleson6c@networksolutions.com,9078314894,66044,Accounting
230,Pearla,Amaya,pamaya6d@dagondesign.com,7356900270,91638,Accounting
231,Melisenda,Dunley,mdunley6e@delicious.com,9731678660,81027,Product Management
232,Jess,Craigheid,jcraigheid6f@uol.com.br,9131321338,88206,Accounting
233,Gaylord,Maypother,gmaypother6g@list-manage.com,6128160367,69986,Human Resources
234,Blondell,De Simone,bdesimone6h@livejournal.com,7103339432,86174,Product Management
235,Rania,Fanshaw,rfanshaw6i@bizjournals.com,3272121473,38051,Accounting
236,Toinette,Glencros,tglencros6j@un.org,6952710827,78603,Support
237,Elmore,Risely,erisely6k@imageshack.us,4093810061,94689,Support
238,Maren,Sterndale,msterndale6l@weather.com,7648231011,48096,Human Resources
239,Zach,Kingman,zkingman6m@utexas.edu,2795773476,69655,Product Management
240,Dennison,Sefton,dsefton6n@hugedomains.com,4032862881,76593,Product Management
241,Jacintha,Gathercole,jgathercole6o@slideshare.net,6831867925,58589,Sales
242,Theda,Blackboro,tblackboro6p@ucoz.com,2236256290,97693,Business Development
243,Roseline,Spink,rspink6q@wiley.com,6102240653,73182,Training
244,Wells,Lecount,wlecount6r@oaic.gov.au,1205196019,78695,Business Development
245,Padraig,Alexsandrov,palexsandrov6s@csmonitor.com,3378550955,41757,Human Resources
246,Cassy,Undrell,cundrell6t@google.co.jp,9215283696,35486,Business Development
247,Kelsy,Bordone,kbordone6u@washington.edu,5151072655,70211,Accounting
248,Georges,North,gnorth6v@posterous.com,8806806949,79000,Product Management
249,Harwell,Vardy,hvardy6w@noaa.gov,4832369406,39634,Marketing
250,Darrick,Fitch,dfitch6x@bigcartel.com,6273098453,84566,Business Development
251,Jay,Antonignetti,jantonignetti6y@opera.com,5428928874,68293,Product Management
252,Gill,Baldock,gbaldock6z@hugedomains.com,9483307862,66673,Training
253,Donovan,Tomczykowski,dtomczykowski70@a8.net,2985771594,79317,Support
254,Gabrila,Mulhall,gmulhall71@macromedia.com,4879923899,95890,Accounting
255,Fletcher,Bakes,fbakes72@sbwire.com,1744204794,98818,Legal
256,Aubert,Ravenhills,aravenhills73@bluehost.com,4891359106,97102,Engineering
257,Calvin,Juan,cjuan74@ucoz.com,4025030119,65579,Research and Development
258,Shaun,Brixham,sbrixham75@virginia.edu,3069990894,50774,Product Management
259,Garnette,Senogles,gsenogles76@wired.com,2855028605,89197,Support
260,Ilyse,Anderson,ianderson77@gnu.org,4798362393,67054,Business Development
261,Fancie,Middleditch,fmiddleditch78@weather.com,9381819077,64819,Engineering
262,Jerrome,Pinckney,jpinckney79@tinyurl.com,2089321356,73445,Human Resources
263,Joann,Wyld,jwyld7a@typepad.com,3105638487,92402,Support
264,Monte,Burchill,mburchill7b@cbslocal.com,5832774288,71364,Services
265,Idelle,Whiting,iwhiting7c@fastcompany.com,4436634814,92198,Marketing
266,Jarred,Marham,jmarham7d@buzzfeed.com,7964394026,60005,Support
267,Ailyn,Middleton,amiddleton7e@bloglovin.com,2084854657,96883,Sales
268,Lynnelle,Branchett,lbranchett7f@sphinn.com,7548167156,41799,Sales
269,Timofei,Manuele,tmanuele7g@soundcloud.com,7105538191,56517,Business Development
270,Anabella,Hartfield,ahartfield7h@jiathis.com,8912418005,86463,Business Development
271,Sloan,Aronin,saronin7i@unc.edu,7803505141,92079,Human Resources
272,Jayme,Babinski,jbabinski7j@toplist.cz,3095600740,68060,Business Development
273,Jillayne,Petrie,jpetrie7k@soup.io,8046091723,51206,Engineering
274,Donna,Clowes,dclowes7l@etsy.com,7691566651,40229,Research and Development
275,Boote,Betteney,bbetteney7m@hexun.com,6884041648,49714,Product Management
276,Dillie,Grogona,dgrogona7n@netscape.com,2015852474,92625,Human Resources
277,Scarlet,Sidwell,ssidwell7o@dmoz.org,9339874185,88404,Services
278,Letisha,Beisley,lbeisley7p@biblegateway.com,1665310890,76831,Product Management
279,Goldi,Skipsey,gskipsey7q@yahoo.co.jp,6917534943,38817,Research and Development
280,Zuzana,McPherson,zmcpherson7r@marketwatch.com,6366900454,53066,Human Resources
281,Celie,Desaur,cdesaur7s@issuu.com,1359894198,55889,Training
282,Martynne,Bosward,mbosward7t@marketwatch.com,6554313311,60706,Services
283,Ddene,Luff,dluff7u@yelp.com,8983473012,83596,Human Resources
284,Jennifer,Birkhead,jbirkhead7v@npr.org,2808095920,68702,Product Management
285,Lulu,Gynni,lgynni7w@ezinearticles.com,9954691924,41853,Services
286,Jackquelin,Lyttle,jlyttle7x@biglobe.ne.jp,7693362710,58760,Legal
287,Richardo,Bulward,rbulward7y@comcast.net,7907680944,51232,Support
288,Laverna,Toop,ltoop7z@boston.com,1057010445,52223,Legal
289,Rhianna,Divver,rdivver80@gov.uk,5288511833,90597,Product Management
290,Wendy,Hallwood,whallwood81@mlb.com,6517215950,41735,Sales
291,Sallie,Hinchon,shinchon82@businesswire.com,9743110605,50995,Marketing
292,Dix,Maddox,dmaddox83@nps.gov,6736806447,96832,Legal
293,Opalina,Finders,ofinders84@meetup.com,6731258752,91743,Marketing
294,Gallard,Jex,gjex85@nature.com,2908039574,47603,Business Development
295,Patrizia,Hessle,phessle86@godaddy.com,2684424362,81896,Engineering
296,Jory,McCardle,jmccardle87@i2i.jp,1879597254,52094,Legal
297,Henka,Maharry,hmaharry88@thetimes.co.uk,2613443963,94351,Services
298,Damian,Pedro,dpedro89@ft.com,9597166713,71075,Human Resources
299,Gabriel,Guillond,gguillond8a@google.com,6504532150,41405,Sales
300,Electra,Biers,ebiers8b@cnbc.com,8846142078,41770,Product Management
301,Ketti,Chanson,kchanson8c@drupal.org,9158739833,70773,Human Resources
302,Ellette,Bowsher,ebowsher8d@answers.com,4602407914,87363,Services
303,Beauregard,McMichell,bmcmichell8e@reverbnation.com,9898862598,62919,Engineering
304,Dedie,Margery,dmargery8f@youtube.com,9858688539,88559,Human Resources
305,Stacee,Demicoli,sdemicoli8g@nps.gov,5763681347,39373,Accounting
306,Joellyn,Righy,jrighy8h@canalblog.com,7223111054,73853,Services
307,Erwin,Sollon,esollon8i@npr.org,2555833823,75009,Business Development
308,Allison,Macenzy,amacenzy8j@technorati.com,8638997343,54840,Support
309,Felix,Chatell,fchatell8k@illinois.edu,4292847119,43821,Legal
310,Philippe,Donnellan,pdonnellan8l@rediff.com,5018927749,61750,Support
311,Sonny,Govern,sgovern8m@harvard.edu,2432312976,86611,Research and Development
312,Corissa,Castrillo,ccastrillo8n@php.net,3096470068,39283,Sales
313,Binky,Haskell,bhaskell8o@nhs.uk,8248915512,83928,Accounting
314,Alisun,McEniry,amceniry8p@bigcartel.com,8477983294,83101,Engineering
315,Dorree,Thurbon,dthurbon8q@nationalgeographic.com,2425921042,88896,Marketing
316,Wald,Van Leeuwen,wvanleeuwen8r@alexa.com,3038561847,70128,Human Resources
317,Randa,Dallicoat,rdallicoat8s@google.com.au,4156143497,44481,Product Management
318,Zaccaria,Dyos,zdyos8t@unicef.org,2577567195,97739,Product Management
319,Simone,Calcott,scalcott8u@acquirethisname.com,6178241309,83606,Human Resources
320,Ingar,Takis,itakis8v@slashdot.org,7513416206,84202,Training
321,Clywd,Handy,chandy8w@skyrock.com,2491339789,46316,Services
322,Martica,Tremellan,mtremellan8x@thetimes.co.uk,2141474781,61333,Engineering
323,Pris,Lammerich,plammerich8y@wiley.com,6011113473,73334,Legal
324,Amandy,Barnish,abarnish8z@chicagotribune.com,4225031179,80425,Product Management
325,Tris,McIlreavy,tmcilreavy90@1und1.de,5536093516,47278,Accounting
326,Jeanna,Karlolak,jkarlolak91@marketwatch.com,2994828025,91080,Sales
327,Rollin,Kilrow,rkilrow92@drupal.org,7951564149,58484,Legal
328,Pernell,Karolowski,pkarolowski93@vk.com,4181257459,37881,Sales
329,Rici,Harriday,rharriday94@washington.edu,7336242924,81787,Human Resources
330,Ferdinanda,Hobden,fhobden95@indiegogo.com,6279493374,53952,Business Development
331,Phineas,Blacket,pblacket96@baidu.com,6599955359,94238,Legal
332,Austin,Bettlestone,abettlestone97@woothemes.com,7651771265,36945,Product Management
333,Jeremias,Trebble,jtrebble98@senate.gov,1034991589,55620,Marketing
334,Katrine,Clyne,kclyne99@lulu.com,4183575540,88131,Engineering
335,Brittaney,Bould,bbould9a@naver.com,4413953045,93058,Legal
336,Mano,Mapledorum,mmapledorum9b@technorati.com,9369076236,77512,Support
337,Tiphani,Piddlehinton,tpiddlehinton9c@newsvine.com,3325972355,47084,Support
338,Augusta,Cotes,acotes9d@cisco.com,1777537782,56860,Support
339,Waylen,Tibald,wtibald9e@kickstarter.com,4814420826,56179,Support
340,Lexine,Thomerson,lthomerson9f@technorati.com,6397561381,78693,Sales
341,Abbey,Minelli,aminelli9g@arizona.edu,3891574240,60590,Training
342,Laina,Hiers,lhiers9h@ed.gov,3374196847,78056,Support
343,Zitella,Bedberry,zbedberry9i@buzzfeed.com,9823249801,61924,Product Management
344,Gayel,Frondt,gfrondt9j@google.com,6609402821,37522,Legal
345,Layla,D'Ambrogio,ldambrogio9k@i2i.jp,2539725063,44634,Sales
346,Lorilee,Huxham,lhuxham9l@ebay.co.uk,2996616385,38590,Legal
347,Nial,Novichenko,nnovichenko9m@shareasale.com,7024753398,38802,Product Management
348,Emili,Verden,everden9n@fc2.com,5782126157,72030,Marketing
349,Minnie,Volker,mvolker9o@xrea.com,9264971931,53116,Engineering
350,Ernst,Franchi,efranchi9p@altervista.org,8077565387,85551,Marketing
351,Tye,Clarage,tclarage9q@acquirethisname.com,3914469690,50358,Training
352,Christi,Dawtrey,cdawtrey9r@weebly.com,9475882926,61489,Sales
353,Bonnibelle,Holberry,bholberry9s@youtu.be,7288436619,60755,Human Resources
354,James,Surcomb,jsurcomb9t@rakuten.co.jp,8788742875,60528,Business Development
355,Marnie,Claxson,mclaxson9u@nsw.gov.au,5573212130,39886,Training
356,Melba,Golds,mgolds9v@prnewswire.com,6475168973,63405,Human Resources
357,Frederico,Preuvost,fpreuvost9w@scribd.com,9077499116,41546,Engineering
358,Hollie,Packwood,hpackwood9x@tumblr.com,2233380753,77869,Support
359,Evita,Dyzart,edyzart9y@census.gov,4338141501,43744,Product Management
360,Merrill,McCaster,mmccaster9z@fastcompany.com,8237828067,87585,Training
361,Elle,Reicharz,ereicharza0@theguardian.com,6301519294,88232,Sales
362,Nani,Titheridge,ntitheridgea1@cam.ac.uk,4879658400,46573,Business Development
363,Sigmund,Negro,snegroa2@github.com,2663881536,44951,Research and Development
364,Estrellita,Aubury,eauburya3@webeden.co.uk,4877815470,58614,Training
365,Marilin,Dowd,mdowda4@foxnews.com,1836358697,56288,Support
366,Aveline,Lowry,alowrya5@nature.com,1517291306,70817,Business Development
367,Immanuel,Creavan,icreavana6@tmall.com,6899141282,43121,Human Resources
368,Koren,Letessier,kletessiera7@nyu.edu,3105702725,90851,Accounting
369,Angus,Kassman,akassmana8@dmoz.org,4743520739,64809,Services
370,Sawyere,Elderidge,selderidgea9@slideshare.net,3684465941,63934,Training
371,Rebecka,Dewes,rdewesaa@technorati.com,7567261835,67922,Sales
372,Hermon,Bougourd,hbougourdab@yandex.ru,6811544651,80995,Business Development
373,Stavros,Crasswell,scrasswellac@webeden.co.uk,3836542250,87245,Sales
374,Aidan,Vorley,avorleyad@bbc.co.uk,3739875154,48778,Services
375,Griffin,Baptie,gbaptieae@ezinearticles.com,3812173944,43318,Training
376,Gerry,Seeler,gseeleraf@mac.com,3209333718,73891,Legal
377,Nevil,Chazier,nchazierag@microsoft.com,2222026822,45871,Research and Development
378,Frans,Steer,fsteerah@weather.com,8902237767,77224,Training
379,Kaitlin,Braghini,kbraghiniai@oracle.com,9052283773,65110,Human Resources
380,Bill,Sales,bsalesaj@illinois.edu,4837026321,82563,Research and Development
381,Orelia,Heimann,oheimannak@illinois.edu,9262338026,83072,Support
382,Sidonnie,Pritchard,spritchardal@oakley.com,5806208463,82779,Training
383,Yettie,Ludgate,yludgateam@geocities.com,5968068862,74935,Accounting
384,Nicolis,Thalmann,nthalmannan@youtube.com,1219357941,64074,Legal
385,Goldy,Juris,gjurisao@imdb.com,2409549775,60880,Human Resources
386,Ira,De Moreno,idemorenoap@cocolog-nifty.com,8687337442,60396,Business Development
387,Shaine,Ablewhite,sablewhiteaq@bing.com,3618183291,82913,Training
388,Melanie,Broxis,mbroxisar@craigslist.org,7227464171,71493,Legal
389,Nita,Ommundsen,nommundsenas@google.com,1682963872,49538,Product Management
390,Alisander,de Mendoza,ademendozaat@desdev.cn,6318575412,94432,Engineering
391,Julia,Walesby,jwalesbyau@cnet.com,6832656894,42503,Training
392,Estelle,Baccup,ebaccupav@mapy.cz,9787943970,92571,Engineering
393,Lilllie,Abrahamovitz,labrahamovitzaw@gravatar.com,5621293990,55883,Human Resources
394,Marris,Semaine,msemaineax@miitbeian.gov.cn,2664086612,90605,Business Development
395,Morgen,Narbett,mnarbettay@blogger.com,2815542353,36978,Engineering
396,Rebekkah,Duffy,rduffyaz@jiathis.com,5226743495,37535,Research and Development
397,Ammamaria,Sheryne,asheryneb0@stanford.edu,6879548494,55104,Sales
398,Sophronia,Craddock,scraddockb1@foxnews.com,7644042047,42888,Support
399,Winny,Assinder,wassinderb2@reuters.com,5804706559,92325,Human Resources
400,Ronny,Silber,rsilberb3@tripadvisor.com,8266070817,92376,Services
401,Griselda,Clere,gclereb4@histats.com,5932501744,38849,Research and Development
402,Krishna,Napolitano,knapolitanob5@dailymotion.com,4029000407,77666,Services
403,Maryjane,MacCurley,mmaccurleyb6@arstechnica.com,3761051692,63123,Human Resources
404,Ondrea,Eliesco,oeliescob7@wix.com,1888230221,51603,Legal
405,Sondra,Talboy,stalboyb8@economist.com,5398701458,52089,Legal
406,Menard,Brunsden,mbrunsdenb9@pbs.org,9964857620,46126,Business Development
407,Nye,Kighly,nkighlyba@xinhuanet.com,9522038538,54052,Human Resources
408,Karrah,Engelmann,kengelmannbb@naver.com,9992074493,63281,Support
409,Vyky,Euston,veustonbc@thetimes.co.uk,8453155043,42497,Services
410,Erinna,Gini,eginibd@eventbrite.com,9294394630,56724,Product Management
411,Eldin,Patkin,epatkinbe@so-net.ne.jp,5219979752,72024,Sales
412,Carline,Baddoe,cbaddoebf@amazon.de,9232215465,35052,Training
413,Trudi,Pulham,tpulhambg@ftc.gov,3701562011,38533,Services
414,Wernher,Smeall,wsmeallbh@paypal.com,2878655160,41186,Business Development
415,Vilhelmina,Vaissiere,vvaissierebi@soundcloud.com,4266422705,70138,Sales
416,Laird,Rowbottom,lrowbottombj@seattletimes.com,5495356820,81127,Product Management
417,Rozella,Suston,rsustonbk@pagesperso-orange.fr,5576710195,78187,Marketing
418,Ardisj,Dunseith,adunseithbl@yolasite.com,7759335671,75121,Marketing
419,Nicolas,Eefting,neeftingbm@usda.gov,4252778965,44793,Services
420,Catharina,Elgood,celgoodbn@who.int,7476068614,48493,Human Resources
421,Sisile,Mattholie,smattholiebo@independent.co.uk,4079857603,71487,Business Development
422,Bank,Quantrell,bquantrellbp@mail.ru,3167295052,59041,Research and Development
423,Ab,Jaynes,ajaynesbq@scribd.com,6439293261,64795,Training
424,Serge,Godlee,sgodleebr@merriam-webster.com,7673828612,40988,Product Management
425,Raffaello,Edelston,redelstonbs@pagesperso-orange.fr,3361263248,63058,Services
426,Haily,MacCallam,hmaccallambt@yandex.ru,6903355558,93258,Accounting
427,Catherin,Ghidini,cghidinibu@nps.gov,7086648830,42957,Sales
428,Andreana,Aprahamian,aaprahamianbv@gov.uk,6249593326,47915,Product Management
429,Morey,Stirrip,mstirripbw@wisc.edu,2939234207,46310,Marketing
430,Leigha,Crummy,lcrummybx@tuttocitta.it,2298919925,93631,Legal
431,Randell,De Bischof,rdebischofby@paypal.com,3388898331,72777,Services
432,Kaspar,Cardenas,kcardenasbz@guardian.co.uk,2051466641,71680,Product Management
433,Katalin,Trask,ktraskc0@earthlink.net,1822408871,73989,Training
434,Rita,Hallmark,rhallmarkc1@cbsnews.com,8371548021,70332,Training
435,Kalil,Esposita,kespositac2@hao123.com,8423596803,62771,Accounting
436,Marquita,Creebo,mcreeboc3@npr.org,8407237778,54800,Human Resources
437,Maire,Astridge,mastridgec4@theatlantic.com,5152007384,57115,Accounting
438,Obadias,Wishkar,owishkarc5@java.com,2831024760,93300,Training
439,Derrek,Master,dmasterc6@photobucket.com,3367133733,47923,Training
440,Lucienne,Botfield,lbotfieldc7@reverbnation.com,2539854911,35806,Engineering
441,Aksel,Borrell,aborrellc8@woothemes.com,1495197883,67928,Accounting
442,Druci,Ropking,dropkingc9@nbcnews.com,7018333233,92493,Product Management
443,Deeann,Ixer,dixerca@wired.com,2565710650,53174,Engineering
444,Ivan,Shyre,ishyrecb@hugedomains.com,1511650433,71276,Training
445,Richmound,Bartoloma,rbartolomacc@netvibes.com,6571341140,55549,Research and Development
446,Lawry,Mariotte,lmariottecd@quantcast.com,1579391102,78163,Accounting
447,Harriott,Oxton,hoxtonce@hugedomains.com,2572300803,45741,Services
448,Domenic,Kunkel,dkunkelcf@dropbox.com,6099952259,71514,Research and Development
449,Freemon,Lethcoe,flethcoecg@amazon.com,6696407536,46765,Research and Development
450,Em,Rolfe,erolfech@umn.edu,9683530458,38039,Services
451,Thaxter,Binnall,tbinnallci@loc.gov,2693356566,52676,Sales
452,Alanah,Juorio,ajuoriocj@desdev.cn,1267050717,61315,Accounting
453,Dougy,Vanstone,dvanstoneck@prlog.org,5225174365,82618,Accounting
454,Siobhan,Lockner,slocknercl@desdev.cn,1552710408,57039,Services
455,Luce,Marion,lmarioncm@shinystat.com,7572183681,47219,Business Development
456,Genevieve,Newns,gnewnscn@google.com.br,7357168595,83802,Business Development
457,Lucinda,Gurley,lgurleyco@wired.com,6232096692,45311,Services
458,Beniamino,Troyes,btroyescp@linkedin.com,8724402494,62606,Human Resources
459,Ernesto,Everit,eeveritcq@businesswire.com,4256658947,96312,Engineering
460,Natasha,Kordt,nkordtcr@rakuten.co.jp,7043310437,94716,Product Management
461,Olva,Dealtry,odealtrycs@archive.org,4029492363,96529,Product Management
462,Ninon,Weatherdon,nweatherdonct@bizjournals.com,4825763193,45736,Sales
463,Nikolas,Marmion,nmarmioncu@businessweek.com,8807313791,41929,Sales
464,Lulu,Syncke,lsynckecv@answers.com,7716934824,50243,Human Resources
465,Jamesy,Dewbury,jdewburycw@ebay.com,2856428601,62944,Marketing
466,Kore,Ticehurst,kticehurstcx@infoseek.co.jp,8269875075,86708,Sales
467,Augusto,Chetham,achethamcy@army.mil,2427667772,93598,Accounting
468,Ally,Mailes,amailescz@upenn.edu,9615067769,35370,Marketing
469,Cami,Willowby,cwillowbyd0@harvard.edu,9827285022,45136,Marketing
470,Erroll,Curry,ecurryd1@sphinn.com,4007166637,88430,Accounting
471,Jo-anne,Tregent,jtregentd2@youtube.com,2485381459,63986,Marketing
472,Elvera,Attryde,eattryded3@paginegialle.it,7278289405,98412,Engineering
473,Tymon,Kingzeth,tkingzethd4@devhub.com,4574614334,79591,Training
474,Galvan,Bollini,gbollinid5@sakura.ne.jp,8323563062,74816,Engineering
475,Artur,McIlharga,amcilhargad6@oracle.com,7058291014,38983,Research and Development
476,Siusan,Huckerbe,shuckerbed7@utexas.edu,3595654170,45952,Services
477,Paule,Yeeles,pyeelesd8@shop-pro.jp,8128265699,37364,Legal
478,Trace,Ivashov,tivashovd9@forbes.com,1248309835,85497,Engineering
479,Maximilianus,Dossit,mdossitda@google.fr,6968223262,78089,Product Management
480,Lula,Hammerstone,lhammerstonedb@amazon.de,4291374154,60689,Services
481,Christiane,Anglish,canglishdc@craigslist.org,9981091676,96480,Engineering
482,Marlon,Leipelt,mleipeltdd@so-net.ne.jp,8117875360,69265,Sales
483,Romola,O' Borne,robornede@ow.ly,4959217450,52573,Human Resources
484,Junina,Peaseman,jpeasemandf@cornell.edu,2216910769,58477,Sales
485,Luisa,Williams,lwilliamsdg@chicagotribune.com,5016193976,42627,Research and Development
486,Sonnie,Ewart,sewartdh@gov.uk,9487196410,36991,Human Resources
487,Bette,Sukbhans,bsukbhansdi@tumblr.com,4725203751,41462,Training
488,Yetty,Ashe,yashedj@amazon.co.jp,9391718898,35864,Services
489,Holt,Bolland,hbollanddk@ask.com,1508614228,41231,Sales
490,Evonne,Huband,ehubanddl@pbs.org,6368169930,77605,Sales
491,Tammi,Sprowell,tsprowelldm@ucla.edu,1681850786,97206,Marketing
492,Freddie,Grinsdale,fgrinsdaledn@ca.gov,1513378152,79656,Engineering
493,Daune,Gallahue,dgallahuedo@newsvine.com,5917794795,92759,Engineering
494,Tate,Janc,tjancdp@wikipedia.org,1352865927,98762,Marketing
495,Joelle,Huckabe,jhuckabedq@amazon.co.jp,5087317654,35719,Business Development
496,Wilmette,Chappelle,wchappelledr@google.pl,6915923950,51550,Marketing
497,Rayna,Dugood,rdugoodds@ow.ly,9201183702,59317,Product Management
498,Abdul,Bernardo,abernardodt@fastcompany.com,4409159370,87514,Sales
499,Hanny,Burr,hburrdu@prnewswire.com,6985363990,65169,Services
500,Job,Phippen,jphippendv@imageshack.us,3309434329,65676,Research and Development
501,Gare,Bangle,gbangledw@deviantart.com,1132433899,87682,Legal
502,Casey,Christou,cchristoudx@npr.org,7638355283,78881,Sales
503,Wilbert,Impleton,wimpletondy@un.org,5239250242,56644,Accounting
504,Bernardo,Sach,bsachdz@pbs.org,2041219892,75661,Research and Development
505,Elia,Pautard,epautarde0@prlog.org,1584205910,47531,Engineering
506,Skippie,Deighton,sdeightone1@foxnews.com,7856544551,52801,Sales
507,Freddi,Labden,flabdene2@google.pl,2568872898,49471,Legal
508,Adara,Philipsohn,aphilipsohne3@abc.net.au,6989175666,89115,Accounting
509,Ranice,Bart,rbarte4@rakuten.co.jp,4046919777,78628,Accounting
510,Margaretta,Disbrey,mdisbreye5@virginia.edu,2562446712,44052,Support
511,Melvyn,Hugill,mhugille6@vk.com,8324555249,41745,Business Development
512,Mata,Binne,mbinnee7@businesswire.com,2555688555,75158,Legal
513,Marius,Crichten,mcrichtene8@freewebs.com,5888933752,79094,Research and Development
514,Alf,Adamou,aadamoue9@multiply.com,3839932968,75468,Accounting
515,Borg,Martonfi,bmartonfiea@springer.com,8359322345,43308,Product Management
516,Elnora,Vigne,evigneeb@unblog.fr,7417650012,65557,Accounting
517,Alphonse,Drohan,adrohanec@cocolog-nifty.com,5819844758,75083,Research and Development
518,Ethelda,Kubasek,ekubaseked@shutterfly.com,6967433420,60166,Legal
519,Peter,Redferne,predferneee@marriott.com,1205386536,78909,Product Management
520,Malchy,Fresson,mfressonef@irs.gov,4731864287,53607,Sales
521,Darci,Isac,disaceg@illinois.edu,6775394615,64710,Support
522,Everard,Emm,eemmeh@apache.org,4416847013,40113,Sales
523,Chevy,Abbotson,cabbotsonei@nps.gov,9461345234,85977,Marketing
524,Laraine,Poundford,lpoundfordej@tamu.edu,8616356487,81882,Training
525,Rick,Mattiello,rmattielloek@comcast.net,7006552541,52828,Services
526,Minnaminnie,Kemm,mkemmel@is.gd,3646529663,44922,Sales
527,Alyss,Ruckman,aruckmanem@prweb.com,2302969310,95712,Human Resources
528,Dicky,Edmondson,dedmondsonen@cornell.edu,9882571117,94260,Business Development
529,Stacee,Coleborn,scoleborneo@amazon.com,7155512718,57009,Accounting
530,Urbano,Harford,uharfordep@about.me,3732139644,87788,Business Development
531,Meade,Davies,mdavieseq@163.com,3198830716,38921,Legal
532,Evonne,Harford,eharforder@netscape.com,4402069940,56499,Sales
533,Hettie,Bryns,hbrynses@narod.ru,8424412711,61166,Accounting
534,Hewett,Bulcock,hbulcocket@chicagotribune.com,1221978017,77529,Accounting
535,Maiga,McQuilkin,mmcquilkineu@washingtonpost.com,9231721572,42839,Business Development
536,Carlyn,MacPake,cmacpakeev@utexas.edu,7652842641,75173,Support
537,Granville,Holywell,gholywellew@businessinsider.com,7444118365,79767,Research and Development
538,Iggie,Millott,imillottex@spiegel.de,8754615280,39300,Human Resources
539,Veronique,Whitcombe,vwhitcombeey@dyndns.org,8626746597,79330,Training
540,Jodee,Vedeshkin,jvedeshkinez@altervista.org,3483509595,39107,Human Resources
541,Eloise,Gautrey,egautreyf0@live.com,4627053923,87726,Accounting
542,Mac,Moxham,mmoxhamf1@dion.ne.jp,6449069207,71178,Sales
543,Orelie,Blanking,oblankingf2@bravesites.com,4826631042,60095,Accounting
544,Ashlin,Anstis,aanstisf3@ifeng.com,1124999574,86304,Accounting
545,Uriel,Stiegar,ustiegarf4@slate.com,6867685584,49169,Marketing
546,Amalea,Songer,asongerf5@pinterest.com,1325053451,69051,Human Resources
547,Charla,Peele,cpeelef6@t-online.de,9459466342,35822,Human Resources
548,Karlotta,Ogborn,kogbornf7@nature.com,3111629668,55907,Training
549,Rosamond,Bellay,rbellayf8@technorati.com,9125609648,56271,Product Management
550,Bobinette,Guilder,bguilderf9@auda.org.au,1277446634,42169,Human Resources
551,Codee,Lancastle,clancastlefa@linkedin.com,5626498962,38151,Accounting
552,Gilbertina,Lerven,glervenfb@canalblog.com,7181051467,81897,Product Management
553,Aurel,Pendrigh,apendrighfc@linkedin.com,1911516530,51680,Product Management
554,Clarance,Headford,cheadfordfd@bravesites.com,4761323162,76693,Training
555,Darnall,Perrie,dperriefe@gov.uk,7023563026,89770,Engineering
556,Darsie,Creffeild,dcreffeildff@slideshare.net,8091715791,56004,Research and Development
557,Tamara,Wakley,twakleyfg@google.ru,2352153704,83291,Research and Development
558,Rochell,Nouch,rnouchfh@eventbrite.com,3796576519,56391,Research and Development
559,Quill,Vyel,qvyelfi@oracle.com,8627724476,94008,Business Development
560,Arvy,Elsby,aelsbyfj@microsoft.com,6782883211,95861,Services
561,Zondra,Byway,zbywayfk@yandex.ru,4923846913,85394,Business Development
562,Hortense,Colvill,hcolvillfl@skype.com,2463498086,82350,Accounting
563,Araldo,Docker,adockerfm@java.com,3414200673,48243,Training
564,Payton,Jekel,pjekelfn@aol.com,1847562142,92786,Training
565,Ellie,Lieb,eliebfo@free.fr,5924424012,68231,Training
566,Brigit,Lamar,blamarfp@icq.com,4586919657,40042,Sales
567,Saundra,Basilio,sbasiliofq@rakuten.co.jp,1152711946,91260,Engineering
568,Brewer,Westcott,bwestcottfr@sakura.ne.jp,1176251575,43507,Services
569,Gunner,Fillimore,gfillimorefs@fc2.com,2071099568,94944,Sales
570,Trixi,Ondrasek,tondrasekft@twitter.com,5116469684,80095,Business Development
571,Opalina,Tyrer,otyrerfu@naver.com,2597122159,60695,Engineering
572,Fredrick,Juckes,fjuckesfv@umn.edu,6009153285,71196,Human Resources
573,Karilynn,Kestian,kkestianfw@noaa.gov,7541521428,89348,Marketing
574,Salim,Kluger,sklugerfx@nationalgeographic.com,5731861008,66602,Product Management
575,Amanda,Stockney,astockneyfy@w3.org,6405446871,38783,Product Management
576,Morgun,Covendon,mcovendonfz@utexas.edu,1499289391,95643,Training
577,Yoshi,Evennett,yevennettg0@tinyurl.com,7705735164,97871,Services
578,Alec,Hailey,ahaileyg1@about.com,4664010458,56970,Business Development
579,Yehudit,Welden,yweldeng2@prlog.org,3573642838,43605,Research and Development
580,Morgan,Rookes,mrookesg3@ed.gov,7824287437,79627,Business Development
581,Deeyn,Krolak,dkrolakg4@creativecommons.org,1891018058,56062,Engineering
582,Buffy,Royal,broyalg5@freewebs.com,3115499486,45893,Training
583,Silvan,Arnowicz,sarnowiczg6@nyu.edu,6243975379,91259,Product Management
584,Lilias,Rowsel,lrowselg7@oaic.gov.au,4643674081,36461,Business Development
585,Elbertine,Egarr,eegarrg8@huffingtonpost.com,1295227917,70100,Engineering
586,Adella,Kelinge,akelingeg9@cocolog-nifty.com,3699422624,76373,Product Management
587,Birch,Musselwhite,bmusselwhitega@imdb.com,3182476109,45365,Services
588,Marsha,Carlett,mcarlettgb@bigcartel.com,6805356893,61540,Marketing
589,Timotheus,Santry,tsantrygc@ocn.ne.jp,3463299121,39603,Human Resources
590,Lorna,Elmhirst,lelmhirstgd@wsj.com,2821520301,59037,Legal
591,Star,Prebble,sprebblege@domainmarket.com,1117066150,41628,Engineering
592,Jayme,Kainz,jkainzgf@mac.com,6837095784,97723,Sales
593,Keen,Bernardes,kbernardesgg@sina.com.cn,2558236707,47186,Accounting
594,Demetria,Chuter,dchutergh@who.int,6453291217,47304,Services
595,Willdon,Mcwhinnie,wmcwhinniegi@senate.gov,3275507733,69302,Product Management
596,Renee,Escoffrey,rescoffreygj@time.com,5987732650,64341,Support
597,Betsy,Board,bboardgk@a8.net,4105350264,82875,Legal
598,Alwyn,Clews,aclewsgl@gizmodo.com,3064754531,51757,Support
599,Hermie,Hebdon,hhebdongm@wunderground.com,2263150930,61540,Business Development
600,Guido,Middas,gmiddasgn@reuters.com,9067103908,79119,Sales
601,Torr,Vynoll,tvynollgo@bravesites.com,4199134770,96982,Training
602,Sheppard,Boleyn,sboleyngp@independent.co.uk,8766867271,80999,Legal
603,Abbe,Kornilov,akornilovgq@netlog.com,8597441408,54452,Support
604,Ingar,Weiss,iweissgr@comcast.net,4304553342,74820,Legal
605,Alysa,Carnalan,acarnalangs@noaa.gov,8216995475,73506,Sales
606,Merl,Farlamb,mfarlambgt@google.es,8595475875,85335,Legal
607,Ellie,Grinyakin,egrinyakingu@sogou.com,7929587250,46764,Marketing
608,Jerome,MacMakin,jmacmakingv@redcross.org,7089150824,41404,Services
609,Sam,Nendick,snendickgw@eventbrite.com,3408045736,36790,Training
610,Early,Ziebart,eziebartgx@economist.com,6677954827,48889,Engineering
611,Mitchel,Mumm,mmummgy@chicagotribune.com,1756490673,75550,Human Resources
612,Nadia,Blackburn,nblackburngz@rakuten.co.jp,1663806665,61344,Research and Development
613,Desiree,Chang,dchangh0@alibaba.com,6477097434,64204,Training
614,Philis,Reagan,preaganh1@printfriendly.com,3068368994,54288,Human Resources
615,Nowell,Bonnor,nbonnorh2@youtube.com,9459311656,51843,Marketing
616,Codee,Leindecker,cleindeckerh3@berkeley.edu,7689141111,37086,Services
617,Peirce,Hackin,phackinh4@ucla.edu,8085804810,77294,Sales
618,Quintilla,Drioli,qdriolih5@1und1.de,8608524551,43292,Human Resources
619,Nerta,Danielot,ndanieloth6@usatoday.com,4027578396,96769,Training
620,Janie,Dedman,jdedmanh7@cam.ac.uk,2041726786,59897,Engineering
621,Merlina,Tort,mtorth8@csmonitor.com,2031261373,94108,Product Management
622,Enrichetta,Pessel,epesselh9@tamu.edu,3713489656,81610,Accounting
623,Barnabe,McCarney,bmccarneyha@deviantart.com,5985170092,43583,Engineering
624,Thornton,Tabb,ttabbhb@cmu.edu,4374845561,51928,Human Resources
625,Doretta,Morot,dmorothc@g.co,9458595419,80926,Legal
626,Jacinthe,Rosettini,jrosettinihd@webnode.com,2058450657,66186,Services
627,Wenona,Dumingos,wdumingoshe@privacy.gov.au,2929158417,51329,Business Development
628,Danit,Garfitt,dgarfitthf@princeton.edu,3575804531,90590,Product Management
629,Nora,Jarvie,njarviehg@diigo.com,7476875001,41264,Services
630,Joelie,Peterson,jpetersonhh@harvard.edu,4421227708,69918,Human Resources
631,Corina,Dirkin,cdirkinhi@surveymonkey.com,1344836158,77929,Sales
632,Sindee,Staynes,sstayneshj@godaddy.com,4346343530,57729,Sales
633,Norbert,Widdows,nwiddowshk@ebay.com,7452622073,77422,Training
634,Arlene,Damper,adamperhl@51.la,4549370297,96366,Business Development
635,Ignatius,Vine,ivinehm@instagram.com,1815145935,63148,Product Management
636,Bridie,Aspinall,baspinallhn@google.ru,6102784830,87884,Research and Development
637,Jarrod,Tarzey,jtarzeyho@ca.gov,1255310139,35691,Training
638,Arlen,Guiot,aguiothp@delicious.com,9564157138,83388,Support
639,Silvio,Niche,snichehq@google.ru,6213956033,55155,Research and Development
640,Maddie,Seine,mseinehr@wix.com,5675553396,42625,Legal
641,Gnni,Jesse,gjessehs@washington.edu,9113136859,90148,Engineering
642,Haroun,Giacubbo,hgiacubboht@theguardian.com,4981781156,45625,Services
643,Dulcy,Workes,dworkeshu@rakuten.co.jp,9138504121,86997,Training
644,Catherin,Lammertz,clammertzhv@phoca.cz,1861706301,93041,Product Management
645,Lelah,Alaway,lalawayhw@alexa.com,4995685568,48806,Legal
646,Corella,Sayburn,csayburnhx@ebay.co.uk,5513048971,81089,Support
647,Edgar,Dodman,edodmanhy@techcrunch.com,7108805095,92873,Training
648,Hewet,Barthelet,hbarthelethz@sciencedirect.com,3475881921,54776,Research and Development
649,Lynnett,Reinbeck,lreinbecki0@comsenz.com,9185232610,67644,Business Development
650,Kandace,Fincham,kfinchami1@360.cn,5622780442,95204,Training
651,Anatollo,Clewer,acleweri2@freewebs.com,7115902041,54093,Engineering
652,Kinny,Johannesson,kjohannessoni3@un.org,9459688527,44817,Business Development
653,Estella,Bowser,ebowseri4@washington.edu,7022492859,39236,Legal
654,Merle,Applewhaite,mapplewhaitei5@cargocollective.com,9242215659,64930,Product Management
655,Stace,Toon,stooni6@vkontakte.ru,7734730488,71899,Human Resources
656,Chandler,Berr,cberri7@columbia.edu,1399953430,95560,Sales
657,Claus,Peers,cpeersi8@amazon.co.uk,9108824884,76182,Legal
658,Gwenora,Laurenzi,glaurenzii9@cam.ac.uk,4042002013,97999,Services
659,Yuma,Corrado,ycorradoia@typepad.com,9561170138,77554,Support
660,Clementia,Worts,cwortsib@quantcast.com,4635737394,70095,Engineering
661,Rozalin,Baglan,rbaglanic@google.ru,3715386222,52775,Marketing
662,Ives,Nisius,inisiusid@ca.gov,9821200079,85945,Accounting
663,Annabella,Tythacott,atythacottie@spiegel.de,8324048436,86055,Human Resources
664,Georgetta,Carle,gcarleif@moonfruit.com,1351953311,72284,Training
665,Hurleigh,Poppy,hpoppyig@stumbleupon.com,1045329518,60432,Sales
666,Kori,Patton,kpattonih@1und1.de,1454768375,75572,Business Development
667,Jean,Frostdicke,jfrostdickeii@hugedomains.com,9809199278,98756,Services
668,Marney,Denyukin,mdenyukinij@gov.uk,8726700416,71308,Engineering
669,Halsy,Tallquist,htallquistik@jugem.jp,6661924382,59809,Training
670,Chryste,Willingale,cwillingaleil@bizjournals.com,3936341774,66488,Support
671,Greer,Whooley,gwhooleyim@reference.com,5487594788,50288,Business Development
672,Bethanne,Butterfint,bbutterfintin@naver.com,1086084697,66401,Legal
673,Jere,Hamal,jhamalio@ow.ly,7873225428,55619,Sales
674,Hedvig,Arkcoll,harkcollip@marketwatch.com,1518675727,37343,Accounting
675,Brunhilda,Heino,bheinoiq@nytimes.com,6966021979,56178,Product Management
676,Vito,Antoniades,vantoniadesir@ning.com,3303298502,45031,Services
677,Lida,Cann,lcannis@bigcartel.com,1011454547,84424,Research and Development
678,Haley,Ebbers,hebbersit@dyndns.org,1364858189,43815,Training
679,Penrod,Bigby,pbigbyiu@redcross.org,4477894512,59472,Business Development
680,Kesley,Mille,kmilleiv@discovery.com,4385398782,57349,Sales
681,Moyna,Petrashkov,mpetrashkoviw@bbb.org,9418858074,89530,Services
682,Nikola,Bowlas,nbowlasix@pinterest.com,6803874324,79398,Business Development
683,Ennis,Dalliwatr,edalliwatriy@cafepress.com,6619599005,72196,Legal
684,Tarah,Tunnicliff,ttunnicliffiz@guardian.co.uk,3669827020,68089,Human Resources
685,Eleen,Snewin,esnewinj0@msu.edu,9593612650,38297,Research and Development
686,Ailbert,Norster,anorsterj1@goodreads.com,9186385822,35907,Support
687,Brook,Barrasse,bbarrassej2@barnesandnoble.com,3737059588,91294,Services
688,Abran,Wearne,awearnej3@irs.gov,4086640913,56764,Research and Development
689,Pooh,Wanne,pwannej4@liveinternet.ru,4478108010,84393,Services
690,Mel,Lawlie,mlawliej5@a8.net,1572838267,75473,Training
691,Elisha,Emmerson,eemmersonj6@ted.com,3342505617,95080,Sales
692,Horatio,Gallimore,hgallimorej7@e-recht24.de,9039121826,56957,Legal
693,Laverne,Buttler,lbuttlerj8@ox.ac.uk,6837393671,38045,Product Management
694,Arni,Assad,aassadj9@csmonitor.com,7441108507,92659,Support
695,Editha,Rumens,erumensja@cyberchimps.com,8528758641,71283,Legal
696,Dorry,Kennard,dkennardjb@foxnews.com,4246410882,79722,Services
697,Gaby,Pettiward,gpettiwardjc@hhs.gov,6219493486,69803,Engineering
698,Zilvia,Benjafield,zbenjafieldjd@mtv.com,9202303465,91309,Product Management
699,Teddi,Heaffey,theaffeyje@oakley.com,8678677056,48615,Product Management
700,Cindra,Runcieman,crunciemanjf@oakley.com,2776042150,63824,Research and Development
701,Codee,Newlove,cnewlovejg@sitemeter.com,4677780581,72841,Sales
702,Knox,Lensch,klenschjh@lulu.com,3939493144,51510,Training
703,Jameson,Moro,jmoroji@epa.gov,3156782583,48618,Legal
704,Ema,Woodrup,ewoodrupjj@kickstarter.com,4369739675,89719,Accounting
705,Son,Shaw,sshawjk@geocities.com,4636784706,72118,Product Management
706,Brynne,Busch,bbuschjl@epa.gov,4717348831,72827,Marketing
707,Sophronia,Merrall,smerralljm@dell.com,8706744812,86204,Human Resources
708,Tanhya,Duckels,tduckelsjn@prlog.org,5131479285,90673,Business Development
709,Domenic,von Hagt,dvonhagtjo@europa.eu,4212124524,77910,Accounting
710,Minna,McKeighen,mmckeighenjp@twitter.com,2404372572,88800,Engineering
711,Thebault,Toffolini,ttoffolinijq@marketwatch.com,2855693677,94636,Product Management
712,Mohammed,Beirne,mbeirnejr@msu.edu,2763949861,87885,Research and Development
713,Jonis,Cudihy,jcudihyjs@sphinn.com,5605354654,44930,Sales
714,Kienan,Ockenden,kockendenjt@networksolutions.com,2635637631,36661,Engineering
715,Loydie,Smogur,lsmogurju@skype.com,4492505877,77587,Research and Development
716,Alexi,Georgel,ageorgeljv@arizona.edu,7808050330,63895,Research and Development
717,Tina,Pecht,tpechtjw@surveymonkey.com,3772071988,96186,Product Management
718,Charissa,Lindenboim,clindenboimjx@sitemeter.com,8934324977,62836,Engineering
719,Brandi,Timbridge,btimbridgejy@timesonline.co.uk,9527780328,38702,Training
720,Carleton,Bynert,cbynertjz@list-manage.com,5513298421,36162,Training
721,Clair,McCullock,cmccullockk0@dyndns.org,8262627674,94784,Research and Development
722,Palmer,Lias,pliask1@tripod.com,1746986848,41506,Accounting
723,Skippie,Bawme,sbawmek2@un.org,9288434191,55482,Services
724,Tomaso,MacConnell,tmacconnellk3@uiuc.edu,9302129456,93991,Research and Development
725,Kasper,Matieu,kmatieuk4@multiply.com,1639645612,71564,Research and Development
726,Minnie,Goricke,mgorickek5@ebay.co.uk,2724732329,55047,Research and Development
727,Corbie,Grishinov,cgrishinovk6@simplemachines.org,9532015588,46907,Marketing
728,Ludovika,Gaddas,lgaddask7@tuttocitta.it,8663132464,48778,Human Resources
729,Eran,Brittles,ebrittlesk8@businessweek.com,3883903645,88846,Engineering
730,Mill,McCord,mmccordk9@hubpages.com,7622895083,49151,Business Development
731,Anthe,Cursey,acurseyka@fastcompany.com,3163374225,65042,Business Development
732,Maxwell,Mullen,mmullenkb@uol.com.br,8409538348,35480,Engineering
733,Tanitansy,Ruck,truckkc@upenn.edu,6902163417,67640,Product Management
734,Immanuel,Kliment,iklimentkd@cbslocal.com,4559085891,64618,Marketing
735,Buddy,Slateford,bslatefordke@domainmarket.com,4099863770,85221,Research and Development
736,Joshia,Sneaker,jsneakerkf@sitemeter.com,3138432402,42403,Engineering
737,Linn,Cripps,lcrippskg@phoca.cz,5681390800,42291,Marketing
738,Linus,Pulbrook,lpulbrookkh@upenn.edu,5309852971,96820,Product Management
739,Shelley,Blinman,sblinmanki@cyberchimps.com,3558448496,73896,Legal
740,Dewitt,Hubbucke,dhubbuckekj@over-blog.com,2198586965,74761,Accounting
741,Anitra,Bosenworth,abosenworthkk@blog.com,2365931440,92372,Marketing
742,Sheree,Biskup,sbiskupkl@zdnet.com,1897724637,57911,Product Management
743,Cherrita,Marusic,cmarusickm@linkedin.com,3311070558,84025,Engineering
744,Thibaud,Sango,tsangokn@uiuc.edu,5801658629,69579,Training
745,Angelina,Wadwell,awadwellko@earthlink.net,7209521378,92056,Accounting
746,Ulrica,Sergant,usergantkp@ucoz.com,5138689129,49391,Product Management
747,Farrell,Dunckley,fdunckleykq@ft.com,5954338338,53588,Training
748,Heriberto,Jendas,hjendaskr@baidu.com,8682624476,60938,Training
749,Virge,Torri,vtorriks@latimes.com,6806308078,80641,Research and Development
750,Kermy,Burberow,kburberowkt@eepurl.com,8711285685,58122,Business Development
751,Jeanine,Vost,jvostku@jiathis.com,4133260256,44870,Engineering
752,Itch,Gorman,igormankv@xrea.com,6443347350,81489,Services
753,Alex,Bondesen,abondesenkw@barnesandnoble.com,4377216328,54625,Research and Development
754,Claresta,Mitie,cmitiekx@patch.com,3389951406,71389,Research and Development
755,Gibby,Godain,ggodainky@sakura.ne.jp,5394556372,97118,Sales
756,Terri-jo,Bennoe,tbennoekz@rambler.ru,1058042156,86285,Product Management
757,Jacintha,Parham,jparhaml0@w3.org,4116368329,70700,Human Resources
758,Davy,Krysztowczyk,dkrysztowczykl1@dagondesign.com,4551416950,47468,Engineering
759,Rebbecca,Vecard,rvecardl2@mozilla.org,6295889782,61166,Support
760,Fancy,Loosemore,floosemorel3@instagram.com,4808143124,61821,Legal
761,Craggy,Del Checolo,cdelchecolol4@dion.ne.jp,4439517975,94402,Legal
762,Madelaine,Mountford,mmountfordl5@wordpress.org,5427162036,84704,Training
763,Lilah,MacCahey,lmaccaheyl6@ovh.net,1483299701,93327,Legal
764,Meridel,Garley,mgarleyl7@cargocollective.com,5762809660,36932,Business Development
765,Karly,Timothy,ktimothyl8@skype.com,8803568716,97487,Sales
766,Callie,Halliberton,challibertonl9@gnu.org,1568058297,81102,Human Resources
767,Galvan,Sanpher,gsanpherla@skype.com,3073246307,96637,Product Management
768,Sheila,Delve,sdelvelb@virginia.edu,5587087505,60233,Product Management
769,Consuela,Lepper,clepperlc@oaic.gov.au,3824849475,59412,Product Management
770,Pietrek,Pattingson,ppattingsonld@youku.com,1262172866,85526,Research and Development
771,Calv,Brailey,cbraileyle@meetup.com,6298232008,66367,Legal
772,Brook,Bloan,bbloanlf@networkadvertising.org,9399107230,61555,Research and Development
773,Denys,Dudek,ddudeklg@wikimedia.org,7315274138,83586,Business Development
774,Viva,Lorkin,vlorkinlh@wikimedia.org,8415301870,42978,Legal
775,Rorke,Sango,rsangoli@soup.io,5446062662,59652,Marketing
776,Susette,Silly,ssillylj@seesaa.net,2161687186,65924,Human Resources
777,Robinette,Rosengart,rrosengartlk@cornell.edu,4422108500,87345,Research and Development
778,Ruttger,Gyenes,rgyenesll@state.tx.us,1586754932,73183,Services
779,Jon,Barnet,jbarnetlm@europa.eu,9267752552,53052,Legal
780,Inez,Latus,ilatusln@wikimedia.org,3101701892,65870,Business Development
781,Erda,Reames,ereameslo@amazon.co.uk,1077105837,66129,Human Resources
782,Jamie,Edmundson,jedmundsonlp@mtv.com,4916684446,97838,Product Management
783,Charlotta,Studdard,cstuddardlq@washington.edu,6614289084,67930,Legal
784,Tonia,Collingham,tcollinghamlr@ovh.net,1218922340,93920,Marketing
785,Augustine,Cogman,acogmanls@angelfire.com,3749267360,41924,Accounting
786,Nilson,Frankish,nfrankishlt@fda.gov,4547334892,95029,Support
787,Curtice,Wetheril,cwetherillu@devhub.com,9922924879,55822,Sales
788,Kelvin,Haggith,khaggithlv@guardian.co.uk,2561852217,91349,Accounting
789,Miguel,Draijer,mdraijerlw@yellowbook.com,5053562012,55104,Accounting
790,Shena,Ruse,sruselx@cdc.gov,4356082360,98113,Training
791,Minnnie,Llewellin,mllewellinly@themeforest.net,5602998066,48071,Accounting
792,Ansel,Gontier,agontierlz@myspace.com,2595288053,97531,Product Management
793,My,Pencott,mpencottm0@nature.com,3512302478,51710,Accounting
794,Vail,Freeth,vfreethm1@harvard.edu,2268003413,51090,Business Development
795,Tish,Casserley,tcasserleym2@archive.org,5526221970,83534,Product Management
796,Engracia,Prestney,eprestneym3@opensource.org,1149497829,46187,Product Management
797,Constancy,Hallowes,challowesm4@exblog.jp,5073075477,38200,Training
798,Ailyn,Well,awellm5@live.com,1094565466,67060,Legal
799,Orren,Cahen,ocahenm6@hatena.ne.jp,3826226383,61485,Product Management
800,Wilburt,McCambrois,wmccambroism7@sciencedaily.com,2261467824,88255,Marketing
801,Albina,Woolard,awoolardm8@netlog.com,7214506634,41282,Marketing
802,Gerard,Gosalvez,ggosalvezm9@amazon.de,4266633282,59764,Engineering
803,Lynda,Paviour,lpaviourma@example.com,6553872237,66625,Services
804,Marget,Helwig,mhelwigmb@miitbeian.gov.cn,9251334134,59570,Human Resources
805,Benedict,Nurdin,bnurdinmc@acquirethisname.com,1577868749,52285,Accounting
806,Federico,Yantsurev,fyantsurevmd@upenn.edu,4602094793,47503,Legal
807,Marianne,Blowen,mblowenme@shareasale.com,9896115929,53127,Human Resources
808,Sigfrid,Mulbry,smulbrymf@hugedomains.com,1767874145,92143,Business Development
809,Farlee,Parnham,fparnhammg@youtube.com,9477517614,44436,Engineering
810,Myrna,Golborne,mgolbornemh@angelfire.com,6167599998,41448,Sales
811,Thalia,Rahill,trahillmi@delicious.com,7015412882,98977,Services
812,Felic,Noblett,fnoblettmj@nps.gov,9956895518,97158,Research and Development
813,Angeli,Clowton,aclowtonmk@fema.gov,2143705637,82722,Product Management
814,Obadias,Sandham,osandhamml@bbb.org,2891771495,95127,Training
815,Rickie,Ourry,rourrymm@i2i.jp,2818283125,38719,Marketing
816,Herschel,Sisey,hsiseymn@blogtalkradio.com,6602176188,79362,Product Management
817,Warner,Alben,walbenmo@angelfire.com,5247914775,38899,Support
818,Carolynn,Skune,cskunemp@indiatimes.com,7931640031,35571,Training
819,Sylvester,Frackiewicz,sfrackiewiczmq@hhs.gov,9585709077,84972,Support
820,Cherice,Ghiriardelli,cghiriardellimr@baidu.com,1071771380,61027,Services
821,Franky,Tissell,ftissellms@wordpress.org,7889578908,36930,Human Resources
822,Heather,Pach,hpachmt@soup.io,4744834244,73085,Sales
823,Rayner,Severns,rsevernsmu@amazonaws.com,2673347794,61742,Accounting
824,Cloris,Ferrand,cferrandmv@google.es,8423253610,51284,Legal
825,Pollyanna,Matessian,pmatessianmw@hexun.com,4528813659,65247,Business Development
826,Cornell,Rummins,crumminsmx@jimdo.com,1948817052,36472,Support
827,Bernardo,Jensen,bjensenmy@freewebs.com,7448400672,46134,Services
828,Ab,Bramwich,abramwichmz@last.fm,1327746181,97057,Accounting
829,Dorothee,Timmins,dtimminsn0@stumbleupon.com,4768665184,74125,Product Management
830,Petra,Phillimore,pphillimoren1@opera.com,7514526858,86632,Engineering
831,Simonette,McLoughlin,smcloughlinn2@list-manage.com,4655977902,74746,Legal
832,Dinah,Hansom,dhansomn3@theguardian.com,2076703317,39868,Human Resources
833,Valentijn,Kightly,vkightlyn4@altervista.org,3988686405,90489,Accounting
834,Cass,Milne,cmilnen5@aol.com,7036101417,71979,Product Management
835,Yasmeen,Michell,ymichelln6@shinystat.com,7499153490,57530,Marketing
836,Vasily,Della,vdellan7@bigcartel.com,7651986932,50445,Research and Development
837,Jeane,Lanaway,jlanawayn8@soup.io,9029300825,87111,Accounting
838,Paola,Nason,pnasonn9@ustream.tv,2509138146,95711,Training
839,Archibald,Moult,amoultna@blog.com,4736127527,38882,Research and Development
840,Gabby,Keach,gkeachnb@dailymotion.com,3095260808,48285,Training
841,Suzy,Slowley,sslowleync@domainmarket.com,7579723073,49936,Research and Development
842,Rubin,Littefair,rlittefairnd@msu.edu,1564373394,41094,Accounting
843,Alexina,Mallatratt,amallatrattne@sourceforge.net,7241385549,85830,Legal
844,Giovanni,McKern,gmckernnf@wunderground.com,3293468535,89884,Product Management
845,Nicoli,Bodham,nbodhamng@baidu.com,9229190844,61300,Training
846,Ronna,Channer,rchannernh@yellowpages.com,6802797275,40751,Training
847,Oralee,Mackney,omackneyni@moonfruit.com,2155238828,85563,Services
848,Floria,Kingman,fkingmannj@bigcartel.com,3157353430,67581,Marketing
849,Walther,Nelsey,wnelseynk@virginia.edu,8676079387,67961,Human Resources
850,Joya,Sterre,jsterrenl@thetimes.co.uk,9962193702,62966,Marketing
851,Bee,Dibbs,bdibbsnm@instagram.com,4267926365,45656,Accounting
852,Fidel,Heartfield,fheartfieldnn@creativecommons.org,9428102192,49173,Services
853,Kalvin,Benjafield,kbenjafieldno@businessweek.com,9931663913,55197,Marketing
854,Raffaello,Treacy,rtreacynp@friendfeed.com,4538853091,75167,Services
855,Marcellus,Wynett,mwynettnq@blinklist.com,9158879241,82975,Sales
856,Kahaleel,Skepper,kskeppernr@over-blog.com,5284250920,35713,Product Management
857,Trudey,Cracie,tcraciens@cornell.edu,1013435059,77376,Product Management
858,Rikki,Basillon,rbasillonnt@creativecommons.org,9189383398,45220,Business Development
859,Immanuel,Cheake,icheakenu@cam.ac.uk,8266433570,60493,Research and Development
860,Jacenta,Tunn,jtunnnv@hc360.com,5013901592,60196,Support
861,Arni,Gillio,agillionw@reverbnation.com,7553222337,61799,Legal
862,Fianna,Gawkes,fgawkesnx@comcast.net,8937153584,95683,Training
863,Ervin,Burberry,eburberryny@csmonitor.com,1897797033,92812,Accounting
864,Hermon,Sisse,hsissenz@dailymotion.com,2114893906,48428,Business Development
865,Aloisia,Axcel,aaxcelo0@nbcnews.com,1359059316,90500,Accounting
866,Gill,Kaines,gkaineso1@businesswire.com,4356117287,63460,Research and Development
867,Christian,Bonhill,cbonhillo2@feedburner.com,9871086383,62183,Accounting
868,Corenda,Ensley,censleyo3@goo.gl,3345050108,88572,Support
869,Lyndsie,Faltin,lfaltino4@mysql.com,2343699620,86797,Services
870,Rooney,Guyver,rguyvero5@cdbaby.com,4042985916,61641,Business Development
871,Andie,Anstice,aansticeo6@hc360.com,5414667052,38137,Human Resources
872,Freeman,Lavender,flavendero7@goo.ne.jp,8722689287,47451,Human Resources
873,Killian,Eyton,keytono8@amazon.co.uk,1724898398,70822,Human Resources
874,Lorena,Pre,lpreo9@eepurl.com,2613413850,67315,Product Management
875,Jillie,Keaveny,jkeavenyoa@nba.com,6397950329,65162,Sales
876,Bernadina,Medlen,bmedlenob@so-net.ne.jp,4015554352,91504,Legal
877,Mikkel,Facer,mfaceroc@jalbum.net,9162737474,95196,Training
878,Aguistin,Beat,abeatod@google.nl,6338997302,73943,Training
879,Annelise,Lillie,alillieoe@miitbeian.gov.cn,9869960424,51873,Human Resources
880,Britteny,Klima,bklimaof@goodreads.com,4479535568,61810,Services
881,Starla,Gibbard,sgibbardog@techcrunch.com,1183199588,91952,Services
882,Clarita,Schwartz,cschwartzoh@gizmodo.com,6425062866,49593,Accounting
883,Karlik,Cohen,kcohenoi@ca.gov,9411266323,67833,Legal
884,Hortense,Franklyn,hfranklynoj@friendfeed.com,6108680165,49867,Legal
885,Joyce,Hambridge,jhambridgeok@xrea.com,2572032697,74655,Research and Development
886,Hartwell,Edgley,hedgleyol@wordpress.com,6154847291,52024,Support
887,Terrie,Bick,tbickom@apple.com,7297349349,97968,Business Development
888,Giraud,Leatt,gleatton@quantcast.com,2858348876,66343,Sales
889,Issiah,Malenfant,imalenfantoo@youtu.be,4984895673,87687,Human Resources
890,Hube,Andrusyak,handrusyakop@friendfeed.com,2147311910,69293,Business Development
891,Quintina,Welfare,qwelfareoq@thetimes.co.uk,8347402773,89680,Support
892,Reggis,Plascott,rplascottor@trellian.com,3999369658,40414,Training
893,Starla,Aberdeen,saberdeenos@patch.com,7351323079,93162,Engineering
894,Paxton,Spurling,pspurlingot@hhs.gov,3121910272,61265,Legal
895,Ewen,Threadgould,ethreadgouldou@bing.com,1387433999,43691,Training
896,Wyn,Goldring,wgoldringov@plala.or.jp,9778630390,63054,Product Management
897,Shaun,Fessby,sfessbyow@irs.gov,3739645984,74856,Training
898,Lilllie,Goshawke,lgoshawkeox@boston.com,3891830013,51820,Research and Development
899,Rex,Wastling,rwastlingoy@webmd.com,9996035220,54127,Business Development
900,Chrystal,Landeg,clandegoz@comsenz.com,3166577778,60831,Marketing
901,Sylas,Bliss,sblissp0@hugedomains.com,7006829120,82797,Sales
902,Hagan,Oxe,hoxep1@foxnews.com,8409068546,79495,Marketing
903,Timothea,Goodin,tgoodinp2@icq.com,4405540986,74537,Sales
904,Daveen,Ledgeway,dledgewayp3@shinystat.com,3263651700,72601,Services
905,Austen,Dayton,adaytonp4@friendfeed.com,8591019000,52696,Research and Development
906,Polly,Vergine,pverginep5@goo.gl,4176132411,72208,Research and Development
907,Bettina,Beechcraft,bbeechcraftp6@cocolog-nifty.com,8468303521,39619,Sales
908,Lloyd,Mangon,lmangonp7@google.com.hk,7527087745,61222,Research and Development
909,Colman,Shaxby,cshaxbyp8@com.com,7834756659,51846,Human Resources
910,Jillane,Vischi,jvischip9@networksolutions.com,1634924038,73133,Product Management
911,Romain,Pitrollo,rpitrollopa@baidu.com,3609342854,37923,Legal
912,Amargo,Mattholie,amattholiepb@newsvine.com,6238844914,53195,Sales
913,Clerkclaude,Orthmann,corthmannpc@earthlink.net,1909693925,66219,Services
914,Fedora,Molesworth,fmolesworthpd@independent.co.uk,8559604606,59109,Research and Development
915,Elia,Craker,ecrakerpe@sciencedirect.com,3857237967,78927,Business Development
916,Ardys,Gerssam,agerssampf@merriam-webster.com,8328730620,96893,Marketing
917,Annie,Fishlock,afishlockpg@mlb.com,1055954770,61844,Research and Development
918,Rebeka,Caton,rcatonph@opensource.org,2878118757,87974,Business Development
919,Franklyn,todor,ftodorpi@kickstarter.com,1332788149,40341,Engineering
920,Kincaid,Micallef,kmicallefpj@sun.com,6897768420,83280,Training
921,Mikaela,Chamberlain,mchamberlainpk@godaddy.com,5444069872,96253,Legal
922,Arlyne,Heeks,aheekspl@illinois.edu,6343944705,79627,Product Management
923,Neysa,Clendening,nclendeningpm@yahoo.com,6263763764,88766,Legal
924,Sander,Sueter,ssueterpn@google.es,7303651638,77189,Human Resources
925,Cristy,Gouge,cgougepo@facebook.com,9785597957,90025,Sales
926,Kipp,Gaynesford,kgaynesfordpp@nature.com,2588091605,94585,Engineering
927,Eugenio,Ledgerton,eledgertonpq@harvard.edu,8287537060,86692,Accounting
928,Kippy,Utterson,kuttersonpr@adobe.com,8761774551,79450,Accounting
929,Toinette,Hammant,thammantps@thetimes.co.uk,7847794724,90958,Accounting
930,Rey,Gouthier,rgouthierpt@bloglines.com,2014805617,88441,Engineering
931,Jay,Savery,jsaverypu@bizjournals.com,1342263820,87797,Training
932,Doralynne,Beet,dbeetpv@wikimedia.org,3584705107,92557,Support
933,Stanford,Kief,skiefpw@moonfruit.com,4926469370,71081,Business Development
934,Audi,Ethelston,aethelstonpx@over-blog.com,6882957776,78114,Marketing
935,Ketty,Houlden,khouldenpy@people.com.cn,8148609014,91705,Accounting
936,Collie,Dionisi,cdionisipz@addthis.com,3249082338,53974,Support
937,Fawn,Mathet,fmathetq0@hp.com,7902188229,43657,Research and Development
938,Flory,Fedorski,ffedorskiq1@chronoengine.com,8194463496,98711,Accounting
939,Bess,Mawditt,bmawdittq2@cdc.gov,9957979251,58170,Engineering
940,Hamil,Sloey,hsloeyq3@bbb.org,6297694581,38895,Accounting
941,Emmalee,McCorley,emccorleyq4@apple.com,4666934442,52585,Accounting
942,Venita,Skillanders,vskillandersq5@bloglines.com,3503784251,42779,Product Management
943,Ban,Pallent,bpallentq6@twitter.com,7419436390,43097,Sales
944,Gerome,Guilliland,gguillilandq7@berkeley.edu,6217692213,58677,Business Development
945,Isabel,Howchin,ihowchinq8@irs.gov,7368034415,82783,Engineering
946,Stewart,Fisby,sfisbyq9@google.pl,9285303523,40931,Human Resources
947,Demetria,Stigell,dstigellqa@xinhuanet.com,8844839170,69998,Training
948,Ludovico,Taks,ltaksqb@soundcloud.com,5865583169,50926,Services
949,Elora,Gontier,egontierqc@utexas.edu,8053950310,71403,Marketing
950,Kathie,Edge,kedgeqd@cmu.edu,8607231688,83060,Services
951,Melinde,Boniface,mbonifaceqe@geocities.com,3298187471,50157,Marketing
952,Carola,Sreenan,csreenanqf@xing.com,3072627754,98436,Training
953,Richmound,Tringham,rtringhamqg@weibo.com,4995874742,81621,Accounting
954,Basia,Lafranconi,blafranconiqh@admin.ch,4208717534,39292,Research and Development
955,Shaw,Poppleton,spoppletonqi@purevolume.com,3834865233,70320,Research and Development
956,Dulcinea,Shackleford,dshacklefordqj@example.com,8488086063,95010,Marketing
957,Dwain,Godly,dgodlyqk@princeton.edu,3546384348,59556,Support
958,Sydel,Tomley,stomleyql@stanford.edu,1361565935,85089,Legal
959,Parnell,Gripton,pgriptonqm@spotify.com,7591930995,36509,Sales
960,Rubina,Dipple,rdippleqn@feedburner.com,7244565114,81354,Training
961,Elyn,Dyball,edyballqo@histats.com,6067867363,71525,Product Management
962,Blondell,Filippozzi,bfilippozziqp@naver.com,5314733252,88823,Research and Development
963,Evelyn,Alwen,ealwenqq@networkadvertising.org,1499471294,37712,Support
964,Inger,McGrah,imcgrahqr@pen.io,8617026780,76807,Support
965,Padget,Bischop,pbischopqs@who.int,9184998085,46823,Marketing
966,Berk,Rylett,brylettqt@yelp.com,2976994785,97608,Legal
967,Nicol,Manifould,nmanifouldqu@salon.com,5567493561,73682,Product Management
968,Kris,Rawlyns,krawlynsqv@arizona.edu,5217327729,70939,Sales
969,Adelina,Cacacie,acacacieqw@latimes.com,5183164546,77100,Human Resources
970,Igor,Thomassin,ithomassinqx@nbcnews.com,8364795319,35039,Human Resources
971,Davy,Ashborne,dashborneqy@geocities.jp,1884306692,70450,Sales
972,Noami,Rapinett,nrapinettqz@mozilla.com,6673389441,94859,Accounting
973,Salim,Martensen,smartensenr0@cisco.com,2138422875,75108,Engineering
974,Lacie,Murrow,lmurrowr1@shutterfly.com,1899580381,63074,Marketing
975,Ingram,Moorhead,imoorheadr2@fastcompany.com,5342007056,88158,Business Development
976,Theadora,Wrennall,twrennallr3@goodreads.com,5115867609,52684,Marketing
977,Brynn,MacKill,bmackillr4@discovery.com,1455481325,81061,Training
978,Verena,Ellins,vellinsr5@marriott.com,7156567845,90833,Marketing
979,Deerdre,Szanto,dszantor6@unesco.org,9476616283,64881,Human Resources
980,Clea,Mamwell,cmamwellr7@last.fm,9046182974,71882,Support
981,Weber,Hindshaw,whindshawr8@is.gd,1254866389,65566,Research and Development
982,Burnaby,Silly,bsillyr9@wiley.com,6357345039,98531,Sales
983,Ardelis,Ricardet,aricardetra@amazon.co.jp,7033356934,81057,Support
984,Hermione,Euesden,heuesdenrb@wufoo.com,2562838019,46265,Sales
985,Jenilee,Narbett,jnarbettrc@accuweather.com,1178970026,38457,Legal
986,Ulrikaumeko,Sircombe,usircomberd@kickstarter.com,5992497327,68147,Business Development
987,Barnard,Lomen,blomenre@plala.or.jp,2043776881,86060,Accounting
988,Clywd,Crum,ccrumrf@yolasite.com,4202904695,57050,Business Development
989,Alla,Hawkin,ahawkinrg@nationalgeographic.com,9774260431,46433,Product Management
990,Aline,Presser,apresserrh@go.com,5581077045,67784,Accounting
991,Amabelle,Deely,adeelyri@qq.com,8537596888,54445,Training
992,Alexandra,Vosse,avosserj@msn.com,8328431331,40298,Marketing
993,Kennan,Sketch,ksketchrk@goodreads.com,4018015225,66496,Engineering
994,Trevar,Nettleship,tnettleshiprl@google.es,7935661926,77646,Support
995,Quentin,Cringle,qcringlerm@fema.gov,6248784524,81186,Human Resources
996,Odey,MacGilmartin,omacgilmartinrn@chron.com,2419075959,39100,Engineering
997,Analiese,Petchey,apetcheyro@businesswire.com,4798406444,40414,Services
998,Rodolph,Face,rfacerp@japanpost.jp,9697603453,81107,Marketing
999,Josephina,Gregr,jgregrrq@51.la,3679248648,46971,Legal
1000,Dulcie,Plan,dplanrr@amazon.co.jp,1145408206,71223,Support
